{"type":"FeatureCollection","name":"울산광역시","bbox":[128.9709031054137,35.32951391038803,129.46517134946762,35.72469752196526],"features":[{"type":"Feature","properties":{"adm_nm":"울산광역시 중구 학성동","adm_cd2":"3111051000","sgg":"31110","sido":"31","sidonm":"울산광역시","sggnm":"중구","adm_cd":"26010510"},"geometry":{"type":"MultiPolygon","coordinates":[[[[129.3314955513831,35.56100609395663],[129.3318447181389,35.5605119255285],[129.33241012313815,35.56113012360025],[129.3351460366287,35.559168945366345],[129.33586000543025,35.559188987526674],[129.33777023823734,35.55861969260943],[129.33821738297289,35.55666807139976],[129.33975609419383,35.55644685705679],[129.3411065146304,35.55603275381886],[129.34101337916033,35.555303623977366],[129.34098283955532,35.55506896688932],[129.34077986454432,35.55350971492778],[129.3405422161706,35.551683896766946],[129.3405383807412,35.551654424573194],[129.3404770214345,35.55113613504388],[129.34045077318243,35.55090064852723],[129.3402794117305,35.54925334357344],[129.3309862897484,35.549962291519066],[129.33129127689892,35.551745875922556],[129.33131310088885,35.55187678007092],[129.3315822329118,35.55400131020077],[129.33165699052444,35.5546273373491],[129.33174237865,35.555342460508506],[129.33028072501176,35.55531490339221],[129.3283960308182,35.55614589810522],[129.32821573698146,35.55640844841549],[129.3282421540327,35.558602619563324],[129.3308370150599,35.558005260013225],[129.330906664169,35.55806452301316],[129.33117270574627,35.55855977762629],[129.3312118898546,35.55864794683013],[129.33122467876277,35.558737994622405],[129.33119278416936,35.55967016490854],[129.33117541164333,35.56073930985663],[129.33118682903725,35.56098245037051],[129.33125439438277,35.56106094331955],[129.3314955513831,35.56100609395663]]]]}},{"type":"Feature","properties":{"adm_nm":"울산광역시 중구 반구1동","adm_cd2":"3111052000","sgg":"31110","sido":"31","sidonm":"울산광역시","sggnm":"중구","adm_cd":"26010520"},"geometry":{"type":"MultiPolygon","coordinates":[[[[129.35404650538004,35.548023249427516],[129.3530287036569,35.54843553073281],[129.3516219524018,35.548810768650874],[129.34823836691444,35.54963915761711],[129.34718569588483,35.54961202359477],[129.34626805179676,35.54958835840013],[129.34491178295895,35.549507045042205],[129.3446950359321,35.5494940376436],[129.3415474976181,35.549156928221734],[129.3402794117305,35.54925334357344],[129.34045077318243,35.55090064852723],[129.3404770214345,35.55113613504388],[129.3405383807412,35.551654424573194],[129.3405422161706,35.551683896766946],[129.34077986454432,35.55350971492778],[129.34098283955532,35.55506896688932],[129.34101337916033,35.555303623977366],[129.3411065146304,35.55603275381886],[129.33975609419383,35.55644685705679],[129.33821738297289,35.55666807139976],[129.33988157755914,35.55807295187738],[129.3403045908455,35.559384100859354],[129.34140437597588,35.558211656064756],[129.34364299462234,35.55931849603053],[129.34591875897686,35.560464444273215],[129.3461895814864,35.56059240134541],[129.3464910124851,35.5606508685422],[129.34717864662886,35.56065462889248],[129.34836022241433,35.56066107774018],[129.34961041061297,35.560667888259914],[129.35294939045724,35.56068600774142],[129.35122101767664,35.558691044016776],[129.35057389988702,35.5580082488241],[129.35013647923932,35.55754669041409],[129.35006318792816,35.55696883573267],[129.3499166932491,35.55581371878397],[129.35083234306728,35.55279890964753],[129.35158254404473,35.55127249233518],[129.35272399052238,35.548949928124124],[129.35404650538004,35.548023249427516]]]]}},{"type":"Feature","properties":{"adm_nm":"울산광역시 중구 반구2동","adm_cd2":"3111053000","sgg":"31110","sido":"31","sidonm":"울산광역시","sggnm":"중구","adm_cd":"26010530"},"geometry":{"type":"MultiPolygon","coordinates":[[[[129.34364299462234,35.55931849603053],[129.34140437597588,35.558211656064756],[129.3403045908455,35.559384100859354],[129.33988157755914,35.55807295187738],[129.33821738297289,35.55666807139976],[129.33777023823734,35.55861969260943],[129.33586000543025,35.559188987526674],[129.33639927783997,35.56044464433145],[129.33728107182816,35.560292067246564],[129.33740714250726,35.5605643669944],[129.3349990454398,35.56341389727291],[129.33590406767604,35.564211279795686],[129.33712732784164,35.56496198181195],[129.33728063114432,35.56505604949848],[129.340678849056,35.5670240167431],[129.34129840890702,35.56738171677256],[129.34177214561512,35.56763869807536],[129.3427638903937,35.56817186524723],[129.34328190843524,35.56818657926083],[129.34257574373058,35.56706949306228],[129.3425085007558,35.566900030727275],[129.34247865006833,35.56672365910154],[129.34197735496014,35.56306052625667],[129.342014188706,35.561528305455155],[129.34364299462234,35.55931849603053]]]]}},{"type":"Feature","properties":{"adm_nm":"울산광역시 중구 우정동","adm_cd2":"3111059000","sgg":"31110","sido":"31","sidonm":"울산광역시","sggnm":"중구","adm_cd":"26010590"},"geometry":{"type":"MultiPolygon","coordinates":[[[[129.31408817205812,35.562762931690656],[129.31364436952956,35.562667048389606],[129.3132653726559,35.56255879244896],[129.31562110999315,35.55786102589596],[129.3170446348948,35.55561084308583],[129.3168417694382,35.55533453926252],[129.31649494182378,35.55486390272562],[129.31580422035915,35.55401349802521],[129.3154198079499,35.5537795794201],[129.31440413804137,35.55317914539147],[129.31434430093702,35.553166360189955],[129.31302552136492,35.55288486488612],[129.31203071274115,35.55276830444553],[129.31195373642944,35.55277943413413],[129.3114109597102,35.552857916399084],[129.3103216410338,35.55303498797949],[129.31000671529264,35.55308623004311],[129.30896311021243,35.55334092747986],[129.30947952070792,35.55584573075748],[129.30832518935486,35.55637615921294],[129.30664237872514,35.55653148432724],[129.30641282522728,35.55740026441752],[129.30636089655897,35.557726081949916],[129.30635623569066,35.55791013560233],[129.30633715350322,35.56085414099963],[129.30640356102978,35.56330216443995],[129.30646751844586,35.56389127185933],[129.30643249633215,35.56474432403278],[129.30632952939152,35.565443602768894],[129.30611214319205,35.566819826079524],[129.3060468004661,35.56707243571398],[129.30554522089247,35.568865758915386],[129.30542779599804,35.56909249612011],[129.30406714076335,35.57148909521734],[129.30402672028407,35.572847378925154],[129.3050278387319,35.57359725686266],[129.30654948393834,35.572560876155556],[129.30688227667554,35.57238281272229],[129.30765607015172,35.57226677451561],[129.30846587298313,35.57221116478054],[129.30869064273062,35.57227550864671],[129.30900498518687,35.57239815519365],[129.30937673844466,35.57261486185694],[129.30970109865567,35.572807673173806],[129.30988064901197,35.57290341194117],[129.31059616682973,35.57274756282833],[129.3133666612426,35.57144933880083],[129.31321119070336,35.57000512136144],[129.31296088634608,35.569449410579544],[129.31265406329229,35.568302535285326],[129.3125932481874,35.56771291079098],[129.31227076704127,35.56442747598343],[129.31263343250845,35.56319127148685],[129.31326669955783,35.56293995193372],[129.31408817205812,35.562762931690656]]]]}},{"type":"Feature","properties":{"adm_nm":"울산광역시 중구 태화동","adm_cd2":"3111060000","sgg":"31110","sido":"31","sidonm":"울산광역시","sggnm":"중구","adm_cd":"26010600"},"geometry":{"type":"MultiPolygon","coordinates":[[[[129.28759647549307,35.57806580327818],[129.28874733438892,35.57792262173394],[129.29354793435476,35.576843702326826],[129.2941638265001,35.57660943870113],[129.29710925135663,35.575328297805875],[129.2975080867489,35.575110351242564],[129.29775807033366,35.5749407599249],[129.2979794348981,35.57477429783398],[129.29854875084612,35.57432492703105],[129.29871407128672,35.57418735424395],[129.30192268388313,35.57284072354473],[129.30402672028407,35.572847378925154],[129.30406714076335,35.57148909521734],[129.30542779599804,35.56909249612011],[129.30554522089247,35.568865758915386],[129.3060468004661,35.56707243571398],[129.30611214319205,35.566819826079524],[129.30632952939152,35.565443602768894],[129.30643249633215,35.56474432403278],[129.30646751844586,35.56389127185933],[129.30640356102978,35.56330216443995],[129.30633715350322,35.56085414099963],[129.30635623569066,35.55791013560233],[129.30636089655897,35.557726081949916],[129.30641282522728,35.55740026441752],[129.30664237872514,35.55653148432724],[129.30832518935486,35.55637615921294],[129.30947952070792,35.55584573075748],[129.30896311021243,35.55334092747986],[129.3087427761205,35.55228424713286],[129.30781539591305,35.55259385884427],[129.3074296156739,35.55267420744454],[129.30668695820276,35.55282887205828],[129.30559095244115,35.55279067877773],[129.30471974425035,35.55247194359666],[129.30456197744232,35.552331362155755],[129.30453968307373,35.552307021431346],[129.30367782205067,35.55072676552672],[129.30320873487358,35.549865317926866],[129.30333581071903,35.54858584582122],[129.30340737503846,35.54786520919382],[129.3033921798301,35.5472356984231],[129.30338615520444,35.54698631459007],[129.30288545075751,35.54641380068091],[129.30250408695022,35.54597773695699],[129.30194400689098,35.54580455551075],[129.3015171115037,35.54567255751679],[129.29904974421308,35.544916913438705],[129.29847347382852,35.54478571462164],[129.2980630953878,35.54469229517417],[129.2977942606674,35.54470026770045],[129.29640338355307,35.54496820537456],[129.29457775049758,35.54531988883476],[129.2926207241892,35.54570247897317],[129.29175512508354,35.546512913825694],[129.28952303078972,35.548602665200626],[129.2908109928718,35.54950968523593],[129.2940684817996,35.55383940875859],[129.29410203506058,35.553908855362295],[129.29418635237082,35.5540833781476],[129.29419745503543,35.55426617036146],[129.29415815017936,35.55449030818691],[129.29413632489346,35.554561095615476],[129.29404929375062,35.554843357782865],[129.29283581967422,35.557485024644194],[129.29103911968858,35.55702706834936],[129.28996662744706,35.556811102622405],[129.288678106481,35.56019145145056],[129.2883898643299,35.56132707129859],[129.28869087460143,35.562553421204484],[129.28710299726913,35.563212953755404],[129.28608069960546,35.56345476164803],[129.28552991477426,35.563447811316706],[129.2850607692846,35.563441888727645],[129.28427745207765,35.563274403008364],[129.28344712849605,35.56285184537551],[129.28181113179994,35.562705273272115],[129.28122778554632,35.56290601107526],[129.2781701387083,35.56635696820469],[129.27806407690207,35.566653610636735],[129.27712058505418,35.56994307076909],[129.27713296217325,35.57059138412188],[129.2775334674044,35.57313843938093],[129.27771470413603,35.57348614425076],[129.27981378739855,35.57506866528994],[129.28432043619927,35.57842780792166],[129.28610772249198,35.57779368723583],[129.28759647549307,35.57806580327818]]]]}},{"type":"Feature","properties":{"adm_nm":"울산광역시 중구 다운동","adm_cd2":"3111061000","sgg":"31110","sido":"31","sidonm":"울산광역시","sggnm":"중구","adm_cd":"26010610"},"geometry":{"type":"MultiPolygon","coordinates":[[[[129.28389505249464,35.583990485642325],[129.2850594872761,35.580531030690935],[129.28534386269635,35.57903818025504],[129.28539079711334,35.57896537088151],[129.28545639800396,35.57887185297843],[129.28552258555314,35.578804765982845],[129.28561714292576,35.57875649149505],[129.28759647549307,35.57806580327818],[129.28610772249198,35.57779368723583],[129.28432043619927,35.57842780792166],[129.27981378739855,35.57506866528994],[129.27771470413603,35.57348614425076],[129.2775334674044,35.57313843938093],[129.27713296217325,35.57059138412188],[129.27712058505418,35.56994307076909],[129.27806407690207,35.566653610636735],[129.2781701387083,35.56635696820469],[129.28122778554632,35.56290601107526],[129.28181113179994,35.562705273272115],[129.28344712849605,35.56285184537551],[129.28427745207765,35.563274403008364],[129.2850607692846,35.563441888727645],[129.28552991477426,35.563447811316706],[129.28608069960546,35.56345476164803],[129.28710299726913,35.563212953755404],[129.28869087460143,35.562553421204484],[129.2883898643299,35.56132707129859],[129.288678106481,35.56019145145056],[129.28996662744706,35.556811102622405],[129.29103911968858,35.55702706834936],[129.29283581967422,35.557485024644194],[129.29404929375062,35.554843357782865],[129.29413632489346,35.554561095615476],[129.29415815017936,35.55449030818691],[129.29419745503543,35.55426617036146],[129.29418635237082,35.5540833781476],[129.29410203506058,35.553908855362295],[129.2940684817996,35.55383940875859],[129.2908109928718,35.54950968523593],[129.28952303078972,35.548602665200626],[129.28717815714842,35.55020247814468],[129.28141351707887,35.55237515395247],[129.28054443993835,35.552637086967344],[129.2790822212224,35.55307776999072],[129.27883071115792,35.553105676806524],[129.2755165459308,35.55347327309299],[129.2742878217526,35.55338815951347],[129.27256297095445,35.55326864818962],[129.27183481655325,35.553218195336676],[129.27102638304902,35.5533653229213],[129.27082981266418,35.55340110013701],[129.2706939718605,35.553445843985415],[129.27036115554435,35.55355557846738],[129.26972812458246,35.55381573582142],[129.26916740070357,35.55407586811332],[129.26906007042683,35.55412566392095],[129.26774559499387,35.55489096609591],[129.26757283647166,35.55503029367093],[129.26731929150375,35.555252103796754],[129.2670035821622,35.55552911882244],[129.26694104984406,35.555583987028115],[129.26665106912293,35.55586803269736],[129.2651177374481,35.55727900501005],[129.26519166137126,35.557395391562736],[129.2622931069466,35.56109122249476],[129.26106952072828,35.5624553736176],[129.26081022987552,35.56548635776649],[129.26094486714413,35.56622193202732],[129.26148398579087,35.56742308479679],[129.26188739431598,35.56896981695582],[129.26188912354803,35.56949926167245],[129.26159872414124,35.572106371659984],[129.26130185916267,35.57271790410873],[129.25917038661515,35.575899140180276],[129.25694882310577,35.57848744870582],[129.2569087069196,35.57850392918281],[129.256909279669,35.57868437081137],[129.25698090735898,35.57910251147199],[129.25708241446014,35.5794385855914],[129.25711280871604,35.57952053768191],[129.25780746388747,35.58003577965836],[129.25796847890177,35.5801338618346],[129.2593664847265,35.58072962176233],[129.2600991884573,35.58093645651514],[129.26187887846035,35.58116711795841],[129.26209984544192,35.581166656403006],[129.26217096404648,35.5811544006158],[129.26234076746573,35.581125125116024],[129.26331349738325,35.58065550013935],[129.2654838246988,35.580913230073655],[129.26529782226316,35.58238999459092],[129.26529863061526,35.58263604121699],[129.26537026840978,35.583037779022916],[129.26601754446358,35.58438968856305],[129.26678614710568,35.585979167909976],[129.26705879659036,35.58641326739449],[129.26733112142057,35.58675714894441],[129.26747220743604,35.58689627866141],[129.26778398643677,35.58701041659767],[129.27022610537603,35.58739048815277],[129.27055754936165,35.58738154518297],[129.27100934448842,35.58731492939808],[129.27131031245,35.58720762251497],[129.2717517107489,35.587034384834915],[129.2725232898194,35.586483133292106],[129.27270435466733,35.58637544836904],[129.27303222859445,35.58622053802027],[129.27328581803272,35.58612645991214],[129.27356439371377,35.5860567312696],[129.2778231564454,35.58519331402689],[129.28216561243687,35.583915130635795],[129.28389505249464,35.583990485642325]]]]}},{"type":"Feature","properties":{"adm_nm":"울산광역시 중구 병영1동","adm_cd2":"3111062000","sgg":"31110","sido":"31","sidonm":"울산광역시","sggnm":"중구","adm_cd":"26010620"},"geometry":{"type":"MultiPolygon","coordinates":[[[[129.35228749273827,35.57217980566842],[129.35204412851397,35.569833616422216],[129.35191501211096,35.56858861373018],[129.3533069025004,35.5646305217955],[129.35335675196188,35.564488759688714],[129.35376911820154,35.56169210118301],[129.35299158107125,35.56073778892101],[129.35294939045724,35.56068600774142],[129.34961041061297,35.560667888259914],[129.34836022241433,35.56066107774018],[129.34717864662886,35.56065462889248],[129.3464910124851,35.5606508685422],[129.3461895814864,35.56059240134541],[129.34591875897686,35.560464444273215],[129.34364299462234,35.55931849603053],[129.342014188706,35.561528305455155],[129.34197735496014,35.56306052625667],[129.34247865006833,35.56672365910154],[129.3425085007558,35.566900030727275],[129.34257574373058,35.56706949306228],[129.34328190843524,35.56818657926083],[129.34091112025823,35.56888370669491],[129.34083283628183,35.56894401072418],[129.3407523299676,35.56901101709858],[129.34036589783642,35.56954384278759],[129.34022894728346,35.569935550271964],[129.34021585590753,35.569972997757525],[129.3397093329623,35.571541192725604],[129.33929379186313,35.57286424017059],[129.33884270291125,35.57445007245449],[129.33908870919734,35.574622560260266],[129.3399870490269,35.575252421993845],[129.34139511110428,35.577296145524755],[129.34137462895302,35.5770514363172],[129.34232753787714,35.57452141465064],[129.3423991578499,35.57436139311815],[129.3426439608715,35.57414179704896],[129.34302335716586,35.57390369053462],[129.34358872990384,35.573563525259395],[129.34362813071047,35.57352901772843],[129.3437007132443,35.57346544280817],[129.3443989289466,35.57260943228132],[129.34462190989194,35.5721493396609],[129.34466410368395,35.57195220507109],[129.3446454115068,35.57183459218033],[129.34694742944657,35.57122279862611],[129.34973480526173,35.57191828667813],[129.35153474805088,35.57220663400322],[129.35228749273827,35.57217980566842]]]]}},{"type":"Feature","properties":{"adm_nm":"울산광역시 중구 병영2동","adm_cd2":"3111063000","sgg":"31110","sido":"31","sidonm":"울산광역시","sggnm":"중구","adm_cd":"26010630"},"geometry":{"type":"MultiPolygon","coordinates":[[[[129.34843983338465,35.59528110229815],[129.34859579288366,35.592106018804294],[129.34833254025955,35.588891273416316],[129.3481333847571,35.586459070215774],[129.34808899774822,35.58591703844877],[129.34916001326135,35.581201272733935],[129.34927941890027,35.58067552463897],[129.34929722387568,35.58065140929567],[129.35038033787507,35.57918439185238],[129.35154879634104,35.57654264441592],[129.35228749273827,35.57217980566842],[129.35153474805088,35.57220663400322],[129.34973480526173,35.57191828667813],[129.34694742944657,35.57122279862611],[129.3446454115068,35.57183459218033],[129.34466410368395,35.57195220507109],[129.34462190989194,35.5721493396609],[129.3443989289466,35.57260943228132],[129.3437007132443,35.57346544280817],[129.34362813071047,35.57352901772843],[129.34358872990384,35.573563525259395],[129.34302335716586,35.57390369053462],[129.3426439608715,35.57414179704896],[129.3423991578499,35.57436139311815],[129.34232753787714,35.57452141465064],[129.34137462895302,35.5770514363172],[129.34139511110428,35.577296145524755],[129.3405827081317,35.577713389278756],[129.33843403540158,35.57956021624264],[129.33418719698557,35.58220481538137],[129.33107020431845,35.583778401201485],[129.33085044705257,35.58379218446267],[129.33068841557903,35.58384341877769],[129.33050608501577,35.583907422788975],[129.3303447406388,35.58397150530712],[129.33005377138898,35.584094427094875],[129.32978652995357,35.584242972912094],[129.3294015922645,35.584494667907656],[129.32903324830977,35.584958428295295],[129.32660404502744,35.58825569874314],[129.32653361192308,35.58840815208687],[129.32649552253346,35.58864344680649],[129.3266040964226,35.590544930859515],[129.3265131308166,35.59265472326722],[129.32602303601047,35.59417644071455],[129.32603819863505,35.594622554867954],[129.326037585462,35.59492242412581],[129.32597517962586,35.59507684782186],[129.32580132998328,35.595264171476984],[129.3250755795786,35.595932365063696],[129.32487189132755,35.59611617820406],[129.32395682237043,35.596716034396955],[129.32360801911855,35.59693216617685],[129.3232490980167,35.59708145102218],[129.32290057291968,35.59717140893061],[129.32268489139548,35.59718719952088],[129.32249135207925,35.59713662932556],[129.32247418004945,35.597200848287144],[129.32260780229748,35.59805081549839],[129.3237825312743,35.598738552097664],[129.32495304458854,35.598363402009596],[129.32599329639294,35.59798859327026],[129.33103742535317,35.59908949201452],[129.33191873619458,35.598078791470364],[129.33093360207056,35.59600882715121],[129.33132141568566,35.59531687993282],[129.3327498475026,35.59435635713625],[129.33450035716498,35.593720194229526],[129.33496015428216,35.593553097522836],[129.33574211472654,35.593710357346175],[129.33724343612863,35.59466279326253],[129.33822407383823,35.595616665511926],[129.33912037273984,35.5959496662989],[129.3397759948565,35.596104135607035],[129.34135261418467,35.596405060004926],[129.3470944805197,35.59554732618431],[129.34843983338465,35.59528110229815]]]]}},{"type":"Feature","properties":{"adm_nm":"울산광역시 중구 약사동","adm_cd2":"3111064000","sgg":"31110","sido":"31","sidonm":"울산광역시","sggnm":"중구","adm_cd":"26010640"},"geometry":{"type":"MultiPolygon","coordinates":[[[[129.34139511110428,35.577296145524755],[129.3399870490269,35.575252421993845],[129.33908870919734,35.574622560260266],[129.33884270291125,35.57445007245449],[129.33929379186313,35.57286424017059],[129.3397093329623,35.571541192725604],[129.34021585590753,35.569972997757525],[129.34022894728346,35.569935550271964],[129.34036589783642,35.56954384278759],[129.3407523299676,35.56901101709858],[129.34083283628183,35.56894401072418],[129.34091112025823,35.56888370669491],[129.34328190843524,35.56818657926083],[129.3427638903937,35.56817186524723],[129.34177214561512,35.56763869807536],[129.34129840890702,35.56738171677256],[129.340678849056,35.5670240167431],[129.33728063114432,35.56505604949848],[129.33712732784164,35.56496198181195],[129.33590406767604,35.564211279795686],[129.33564197923675,35.564505253056026],[129.3354273135935,35.56474604656357],[129.33313092531725,35.5674043907888],[129.33336002284966,35.567529536778906],[129.33394642309887,35.567843672254654],[129.3340708990588,35.56790809117517],[129.33421201845226,35.56802192618082],[129.3342801829737,35.56909055661824],[129.33399862129687,35.57047065637353],[129.33390228535984,35.570695084353936],[129.3337522075746,35.57078175285864],[129.33151441651543,35.569169619430276],[129.33063800236854,35.57016229814049],[129.3291549640383,35.569254421992454],[129.32889657744244,35.56948849377425],[129.3281165945482,35.5694513598841],[129.3268854082957,35.57013109998956],[129.32612520761012,35.57122971488133],[129.32582309604183,35.57165052179938],[129.3261336621371,35.57186617286125],[129.326268717383,35.572534989990004],[129.32662556424708,35.572940914091234],[129.3279334914219,35.57273500320943],[129.3288442441001,35.57325004096697],[129.32814014489517,35.57365246931558],[129.32815969352475,35.573985156016754],[129.32765928693573,35.57412006347887],[129.32752505195137,35.57454322514975],[129.32754482086693,35.574885702224584],[129.32710212676017,35.57545065170118],[129.32750381135295,35.575718782207126],[129.32764786613453,35.57625524675782],[129.32716699033318,35.576722839312225],[129.326955089594,35.57742139930839],[129.32618325507397,35.577746494569055],[129.3257826934164,35.57805616660607],[129.32528092418323,35.57813232342894],[129.32490631213705,35.578000886434765],[129.3252702186576,35.57863305022187],[129.32629979712505,35.57993151362414],[129.3266809584712,35.58272589697738],[129.32525629908713,35.583627777039936],[129.32514094340334,35.58368610213782],[129.32493664530165,35.58378109080514],[129.32367456965773,35.58487070013697],[129.3227655740983,35.586419410940515],[129.32082851113256,35.589273601873785],[129.31953119634437,35.5906789696527],[129.3184004855817,35.59135389937467],[129.31797699166137,35.59377788588435],[129.31799340969746,35.59383361998004],[129.3180908381059,35.59396275303509],[129.31820735207745,35.59405727397198],[129.31892755824052,35.59388929360401],[129.31976483426425,35.59386176441248],[129.32134946286192,35.59459173188159],[129.32153522566617,35.59478001233177],[129.32197226731685,35.59522297280627],[129.3225987315401,35.59676558008379],[129.32249135207925,35.59713662932556],[129.32268489139548,35.59718719952088],[129.32290057291968,35.59717140893061],[129.3232490980167,35.59708145102218],[129.32360801911855,35.59693216617685],[129.32395682237043,35.596716034396955],[129.32487189132755,35.59611617820406],[129.3250755795786,35.595932365063696],[129.32580132998328,35.595264171476984],[129.32597517962586,35.59507684782186],[129.326037585462,35.59492242412581],[129.32603819863505,35.594622554867954],[129.32602303601047,35.59417644071455],[129.3265131308166,35.59265472326722],[129.3266040964226,35.590544930859515],[129.32649552253346,35.58864344680649],[129.32653361192308,35.58840815208687],[129.32660404502744,35.58825569874314],[129.32903324830977,35.584958428295295],[129.3294015922645,35.584494667907656],[129.32978652995357,35.584242972912094],[129.33005377138898,35.584094427094875],[129.3303447406388,35.58397150530712],[129.33050608501577,35.583907422788975],[129.33068841557903,35.58384341877769],[129.33085044705257,35.58379218446267],[129.33107020431845,35.583778401201485],[129.33418719698557,35.58220481538137],[129.33843403540158,35.57956021624264],[129.3405827081317,35.577713389278756],[129.34139511110428,35.577296145524755]]]]}},{"type":"Feature","properties":{"adm_nm":"울산광역시 중구 성안동","adm_cd2":"3111065000","sgg":"31110","sido":"31","sidonm":"울산광역시","sggnm":"중구","adm_cd":"26010660"},"geometry":{"type":"MultiPolygon","coordinates":[[[[129.31820735207745,35.59405727397198],[129.3180908381059,35.59396275303509],[129.31799340969746,35.59383361998004],[129.31797699166137,35.59377788588435],[129.3184004855817,35.59135389937467],[129.31953119634437,35.5906789696527],[129.32082851113256,35.589273601873785],[129.3227655740983,35.586419410940515],[129.32367456965773,35.58487070013697],[129.32493664530165,35.58378109080514],[129.32514094340334,35.58368610213782],[129.32525629908713,35.583627777039936],[129.3266809584712,35.58272589697738],[129.32629979712505,35.57993151362414],[129.3252702186576,35.57863305022187],[129.32490631213705,35.578000886434765],[129.32528092418323,35.57813232342894],[129.3257826934164,35.57805616660607],[129.32618325507397,35.577746494569055],[129.326955089594,35.57742139930839],[129.32716699033318,35.576722839312225],[129.32764786613453,35.57625524675782],[129.32750381135295,35.575718782207126],[129.32710212676017,35.57545065170118],[129.32754482086693,35.574885702224584],[129.32752505195137,35.57454322514975],[129.32765928693573,35.57412006347887],[129.32815969352475,35.573985156016754],[129.32814014489517,35.57365246931558],[129.3288442441001,35.57325004096697],[129.3279334914219,35.57273500320943],[129.32662556424708,35.572940914091234],[129.326268717383,35.572534989990004],[129.3261336621371,35.57186617286125],[129.32582309604183,35.57165052179938],[129.32508869802228,35.571774272901905],[129.32381661261292,35.57144585719764],[129.32296549298155,35.57091518800428],[129.32255475364144,35.57024563928552],[129.32259815728594,35.56819321490712],[129.3218991832114,35.568027497984694],[129.32236031278399,35.56615973342196],[129.32122734033877,35.565883050122096],[129.32201556579156,35.562580469899345],[129.318707409315,35.56166443162227],[129.31408817205812,35.562762931690656],[129.31326669955783,35.56293995193372],[129.31263343250845,35.56319127148685],[129.31227076704127,35.56442747598343],[129.3125932481874,35.56771291079098],[129.31265406329229,35.568302535285326],[129.31296088634608,35.569449410579544],[129.31321119070336,35.57000512136144],[129.3133666612426,35.57144933880083],[129.31059616682973,35.57274756282833],[129.30988064901197,35.57290341194117],[129.30970109865567,35.572807673173806],[129.30937673844466,35.57261486185694],[129.30900498518687,35.57239815519365],[129.30869064273062,35.57227550864671],[129.30846587298313,35.57221116478054],[129.30765607015172,35.57226677451561],[129.30688227667554,35.57238281272229],[129.30654948393834,35.572560876155556],[129.3050278387319,35.57359725686266],[129.30402672028407,35.572847378925154],[129.30192268388313,35.57284072354473],[129.29871407128672,35.57418735424395],[129.29854875084612,35.57432492703105],[129.2979794348981,35.57477429783398],[129.29775807033366,35.5749407599249],[129.2975080867489,35.575110351242564],[129.29710925135663,35.575328297805875],[129.2941638265001,35.57660943870113],[129.29354793435476,35.576843702326826],[129.28874733438892,35.57792262173394],[129.28759647549307,35.57806580327818],[129.28561714292576,35.57875649149505],[129.28552258555314,35.578804765982845],[129.28545639800396,35.57887185297843],[129.28539079711334,35.57896537088151],[129.28534386269635,35.57903818025504],[129.2850594872761,35.580531030690935],[129.28389505249464,35.583990485642325],[129.28569033312715,35.58345030742781],[129.285899857009,35.583412593088966],[129.28612779930407,35.58342693467692],[129.28862810082617,35.584135635811045],[129.28872850330202,35.58417261931062],[129.28913942142557,35.58436517079938],[129.2892033742614,35.584409672817],[129.2906568029144,35.5855153484048],[129.29072088448726,35.585589633671646],[129.29095966974845,35.58608033847221],[129.29099657082364,35.58619935768359],[129.2910243387169,35.58631839093344],[129.29109949770833,35.58693605252766],[129.29114353575588,35.58872434944529],[129.29117005545575,35.59039356853679],[129.29031548878513,35.59423108156372],[129.29012851809395,35.59482740188277],[129.2933773836764,35.59245432726843],[129.2934593625986,35.59243180787707],[129.29434810531092,35.59238499751417],[129.2946694842308,35.59238978488755],[129.29827330808416,35.59304765793649],[129.30107239680353,35.593659058556206],[129.30141665189282,35.59366520954632],[129.30268946391718,35.5934442210501],[129.30288715137132,35.59338048860429],[129.30307610299843,35.593281644732386],[129.30325633109138,35.59314770552022],[129.30420880573038,35.59242159558],[129.30430260061706,35.59218949270631],[129.3047473233767,35.59145763634766],[129.30563032072948,35.59033119383333],[129.30723474785995,35.58907644499774],[129.307337908639,35.58904809120678],[129.30918782563737,35.58900120692052],[129.30970430639834,35.58904205098271],[129.31018650133043,35.58912514602857],[129.31035879765537,35.58917388300669],[129.31056561657505,35.589250642764895],[129.31151535575418,35.590070283369805],[129.31169695657732,35.590301682951974],[129.3116803454596,35.59045630357798],[129.31174117516068,35.59061072706516],[129.3119398310494,35.59079992345295],[129.31227651789544,35.59108011428073],[129.3142358090603,35.5925856977222],[129.317358123579,35.59439738120634],[129.31751316334024,35.59443211694545],[129.31762483904208,35.594382627940085],[129.31820735207745,35.59405727397198]]]]}},{"type":"Feature","properties":{"adm_nm":"울산광역시 중구 중앙동","adm_cd2":"3111058500","sgg":"31110","sido":"31","sidonm":"울산광역시","sggnm":"중구","adm_cd":"26010670"},"geometry":{"type":"MultiPolygon","coordinates":[[[[129.32201556579156,35.562580469899345],[129.3225107963003,35.5609670260925],[129.32283345999073,35.55953207018704],[129.3232862495588,35.558439584019695],[129.32359046972076,35.5577909867342],[129.32415117794247,35.55804425968577],[129.32500891191478,35.55842906380933],[129.32548854650938,35.55862290514421],[129.32652593182092,35.55903083884593],[129.3281082925146,35.5594106160047],[129.3282421540327,35.558602619563324],[129.32821573698146,35.55640844841549],[129.3283960308182,35.55614589810522],[129.33028072501176,35.55531490339221],[129.33174237865,35.555342460508506],[129.33165699052444,35.5546273373491],[129.3315822329118,35.55400131020077],[129.33131310088885,35.55187678007092],[129.33129127689892,35.551745875922556],[129.3309862897484,35.549962291519066],[129.32185156611047,35.5510869132493],[129.31615368450642,35.55056444157703],[129.3087427761205,35.55228424713286],[129.30896311021243,35.55334092747986],[129.31000671529264,35.55308623004311],[129.3103216410338,35.55303498797949],[129.3114109597102,35.552857916399084],[129.31195373642944,35.55277943413413],[129.31203071274115,35.55276830444553],[129.31302552136492,35.55288486488612],[129.31434430093702,35.553166360189955],[129.31440413804137,35.55317914539147],[129.3154198079499,35.5537795794201],[129.31580422035915,35.55401349802521],[129.31649494182378,35.55486390272562],[129.3168417694382,35.55533453926252],[129.3170446348948,35.55561084308583],[129.31562110999315,35.55786102589596],[129.3132653726559,35.56255879244896],[129.31364436952956,35.562667048389606],[129.31408817205812,35.562762931690656],[129.318707409315,35.56166443162227],[129.32201556579156,35.562580469899345]]]]}},{"type":"Feature","properties":{"adm_nm":"울산광역시 남구 신정1동","adm_cd2":"3114051000","sgg":"31140","sido":"31","sidonm":"울산광역시","sggnm":"남구","adm_cd":"26020510"},"geometry":{"type":"MultiPolygon","coordinates":[[[[129.3087427761205,35.55228424713286],[129.30811662709172,35.54910897888806],[129.30835212298786,35.5485337295475],[129.3083678606284,35.548496241035444],[129.30891914561815,35.54779875656466],[129.30974979874364,35.54606850251885],[129.31030365126995,35.54465457307361],[129.3128727965418,35.5380952826717],[129.30604441599465,35.536359262131406],[129.30582476487473,35.53693446783529],[129.30555037657982,35.537809163826864],[129.3042832469865,35.53841833052209],[129.2988998890237,35.540569603844894],[129.29875198531454,35.54061491048336],[129.29784224913823,35.54007963443669],[129.2955018920634,35.540631100919406],[129.29467017131714,35.54275482380646],[129.29457775049758,35.54531988883476],[129.29640338355307,35.54496820537456],[129.2977942606674,35.54470026770045],[129.2980630953878,35.54469229517417],[129.29847347382852,35.54478571462164],[129.29904974421308,35.544916913438705],[129.3015171115037,35.54567255751679],[129.30194400689098,35.54580455551075],[129.30250408695022,35.54597773695699],[129.30288545075751,35.54641380068091],[129.30338615520444,35.54698631459007],[129.3033921798301,35.5472356984231],[129.30340737503846,35.54786520919382],[129.30333581071903,35.54858584582122],[129.30320873487358,35.549865317926866],[129.30367782205067,35.55072676552672],[129.30453968307373,35.552307021431346],[129.30456197744232,35.552331362155755],[129.30471974425035,35.55247194359666],[129.30559095244115,35.55279067877773],[129.30668695820276,35.55282887205828],[129.3074296156739,35.55267420744454],[129.30781539591305,35.55259385884427],[129.3087427761205,35.55228424713286]]]]}},{"type":"Feature","properties":{"adm_nm":"울산광역시 남구 신정2동","adm_cd2":"3114052000","sgg":"31140","sido":"31","sidonm":"울산광역시","sggnm":"남구","adm_cd":"26020520"},"geometry":{"type":"MultiPolygon","coordinates":[[[[129.3128727965418,35.5380952826717],[129.31445742114803,35.53400477211761],[129.30899184731345,35.53259725918101],[129.3074935220726,35.53220977253475],[129.30780764623003,35.53148801009061],[129.30790710283125,35.53130527314468],[129.30804364000915,35.531062946876276],[129.31037820675488,35.52676111652212],[129.3122165448306,35.52335696252933],[129.31243525808705,35.5229167878113],[129.31255326039448,35.52195677129861],[129.31170988719134,35.5207346480836],[129.3080061166891,35.517922432129076],[129.30788403312832,35.51813118559139],[129.30776861022747,35.51823398354047],[129.3076995622908,35.51826438022552],[129.30758222209386,35.51828833999338],[129.30574300567946,35.51863884214252],[129.30535886163625,35.51867973692362],[129.30530855863105,35.518667615404375],[129.30511497148098,35.51861659980447],[129.30383021555346,35.51806171586921],[129.30357756976068,35.51794234891015],[129.30352961140616,35.51779921958056],[129.30287661353123,35.51783143906739],[129.30214584621444,35.51794790682154],[129.30074492805065,35.51841496756465],[129.30051307282622,35.51924556773847],[129.30050336609418,35.51954886974945],[129.30054016441412,35.52008951668025],[129.30060097716293,35.52059836623909],[129.30063202272487,35.52100435949404],[129.30056097216283,35.52280624975619],[129.2998693891143,35.5242729319188],[129.29977944788826,35.524446386330794],[129.2997540950808,35.52449290003777],[129.29936285305723,35.525010132629056],[129.2992733027046,35.525090296041355],[129.29921173316302,35.52514275106109],[129.29910680571479,35.52521522935364],[129.29812590786415,35.52516180060103],[129.29709144438897,35.52472839597269],[129.29531671787123,35.524031886202486],[129.29171429925435,35.52500626248011],[129.2916646568683,35.52539028823394],[129.2916596028964,35.52574011663971],[129.29166903473075,35.525871784314596],[129.29171502120556,35.526343841604756],[129.2917279399846,35.526368912066104],[129.2922031646579,35.52719754243101],[129.2923464362481,35.52732359197055],[129.29266235963334,35.52746865877729],[129.29697447911892,35.52929852186789],[129.29892247187166,35.52939577610653],[129.29940696627972,35.529427318253305],[129.29947720527855,35.52945728948655],[129.29977569548245,35.529584658127064],[129.29974527587342,35.529709181103975],[129.29867391131955,35.53122176814207],[129.29803164199456,35.53210258793891],[129.29714180628608,35.53335604970833],[129.29713213178368,35.53562032701006],[129.29701570877165,35.53958850359844],[129.29575700176824,35.539698154585366],[129.2957138882059,35.53970191151396],[129.29541054681212,35.5397783832033],[129.29539120533147,35.54006439139305],[129.29539390768556,35.54022361345082],[129.2955018920634,35.540631100919406],[129.29784224913823,35.54007963443669],[129.29875198531454,35.54061491048336],[129.2988998890237,35.540569603844894],[129.3042832469865,35.53841833052209],[129.30555037657982,35.537809163826864],[129.30582476487473,35.53693446783529],[129.30604441599465,35.536359262131406],[129.3128727965418,35.5380952826717]]]]}},{"type":"Feature","properties":{"adm_nm":"울산광역시 남구 신정3동","adm_cd2":"3114053000","sgg":"31140","sido":"31","sidonm":"울산광역시","sggnm":"남구","adm_cd":"26020530"},"geometry":{"type":"MultiPolygon","coordinates":[[[[129.31615368450642,35.55056444157703],[129.32025388768227,35.54004776130593],[129.3134689448747,35.53825299728106],[129.3128727965418,35.5380952826717],[129.31030365126995,35.54465457307361],[129.30974979874364,35.54606850251885],[129.30891914561815,35.54779875656466],[129.3083678606284,35.548496241035444],[129.30835212298786,35.5485337295475],[129.30811662709172,35.54910897888806],[129.3087427761205,35.55228424713286],[129.31615368450642,35.55056444157703]]]]}},{"type":"Feature","properties":{"adm_nm":"울산광역시 남구 신정4동","adm_cd2":"3114054000","sgg":"31140","sido":"31","sidonm":"울산광역시","sggnm":"남구","adm_cd":"26020540"},"geometry":{"type":"MultiPolygon","coordinates":[[[[129.32381724413133,35.53123106975015],[129.32130295308195,35.527848906019905],[129.32106148225466,35.52794839974573],[129.320695420537,35.52809922708135],[129.3199813939479,35.527956602183274],[129.3192708173871,35.52730767522891],[129.31922862724645,35.52724955454974],[129.31906355737868,35.526950688704986],[129.31900682491928,35.526848554413995],[129.31425146271502,35.523197000164615],[129.31255326039448,35.52195677129861],[129.31243525808705,35.5229167878113],[129.3122165448306,35.52335696252933],[129.31037820675488,35.52676111652212],[129.30804364000915,35.531062946876276],[129.30790710283125,35.53130527314468],[129.30780764623003,35.53148801009061],[129.3074935220726,35.53220977253475],[129.30899184731345,35.53259725918101],[129.31445742114803,35.53400477211761],[129.3151846122642,35.53215690236835],[129.316450484432,35.53223343276161],[129.32192307999372,35.53219463753034],[129.32205391325726,35.53218195943179],[129.32235679608593,35.5321525928505],[129.32268184444487,35.5320631289712],[129.32288989303544,35.53192626186021],[129.32381724413133,35.53123106975015]]]]}},{"type":"Feature","properties":{"adm_nm":"울산광역시 남구 신정5동","adm_cd2":"3114055000","sgg":"31140","sido":"31","sidonm":"울산광역시","sggnm":"남구","adm_cd":"26020550"},"geometry":{"type":"MultiPolygon","coordinates":[[[[129.32619918927585,35.541602263426576],[129.32025388768227,35.54004776130593],[129.31615368450642,35.55056444157703],[129.32185156611047,35.5510869132493],[129.32190535074383,35.54955456034723],[129.32194493194,35.5494565472974],[129.32283214678552,35.54884552759588],[129.32335618957535,35.548509406230046],[129.32382804645073,35.54719575918807],[129.32619918927585,35.541602263426576]]]]}},{"type":"Feature","properties":{"adm_nm":"울산광역시 남구 달동","adm_cd2":"3114056000","sgg":"31140","sido":"31","sidonm":"울산광역시","sggnm":"남구","adm_cd":"26020560"},"geometry":{"type":"MultiPolygon","coordinates":[[[[129.33044641265232,35.53169708650976],[129.33040230279744,35.53165366401038],[129.3303307004399,35.53158319152033],[129.32896907553598,35.53078559656266],[129.3281236986597,35.53037871183914],[129.32762685945082,35.530273593436135],[129.32756069294436,35.53025959517114],[129.32727306024066,35.53029389755765],[129.32440643343327,35.530994465534114],[129.32381724413133,35.53123106975015],[129.32288989303544,35.53192626186021],[129.32268184444487,35.5320631289712],[129.32235679608593,35.5321525928505],[129.32205391325726,35.53218195943179],[129.32192307999372,35.53219463753034],[129.316450484432,35.53223343276161],[129.3151846122642,35.53215690236835],[129.31445742114803,35.53400477211761],[129.3128727965418,35.5380952826717],[129.3134689448747,35.53825299728106],[129.32025388768227,35.54004776130593],[129.32619918927585,35.541602263426576],[129.33016724951756,35.53234822301137],[129.33044641265232,35.53169708650976]]]]}},{"type":"Feature","properties":{"adm_nm":"울산광역시 남구 삼산동","adm_cd2":"3114057000","sgg":"31140","sido":"31","sidonm":"울산광역시","sggnm":"남구","adm_cd":"26020570"},"geometry":{"type":"MultiPolygon","coordinates":[[[[129.3309862897484,35.549962291519066],[129.3402794117305,35.54925334357344],[129.3415474976181,35.549156928221734],[129.3446950359321,35.5494940376436],[129.34491178295895,35.549507045042205],[129.34626805179676,35.54958835840013],[129.34718569588483,35.54961202359477],[129.34823836691444,35.54963915761711],[129.3516219524018,35.548810768650874],[129.3530287036569,35.54843553073281],[129.35404650538004,35.548023249427516],[129.35798347903412,35.545621767413195],[129.35904476553983,35.54503041558567],[129.35999326736064,35.54459722081886],[129.36460628002214,35.543159666782145],[129.36259888338293,35.540945514255526],[129.35678541960363,35.538030821280124],[129.35493291198898,35.5372994977904],[129.35329303793853,35.53578036669156],[129.35265951024112,35.53499589232256],[129.3521659384981,35.53434024748025],[129.35197115054407,35.534287516508066],[129.34135225140685,35.532924139004606],[129.33496278442584,35.53324429790241],[129.33044641265232,35.53169708650976],[129.33016724951756,35.53234822301137],[129.32619918927585,35.541602263426576],[129.32382804645073,35.54719575918807],[129.32335618957535,35.548509406230046],[129.32283214678552,35.54884552759588],[129.32194493194,35.5494565472974],[129.32190535074383,35.54955456034723],[129.32185156611047,35.5510869132493],[129.3309862897484,35.549962291519066]]]]}},{"type":"Feature","properties":{"adm_nm":"울산광역시 남구 삼호동","adm_cd2":"3114058500","sgg":"31140","sido":"31","sidonm":"울산광역시","sggnm":"남구","adm_cd":"26020580"},"geometry":{"type":"MultiPolygon","coordinates":[[[[129.28952303078972,35.548602665200626],[129.29175512508354,35.546512913825694],[129.2926207241892,35.54570247897317],[129.29457775049758,35.54531988883476],[129.29467017131714,35.54275482380646],[129.2902981503814,35.542801354203455],[129.28853718664445,35.54404481963966],[129.28735320739366,35.544453478477685],[129.28646606013547,35.54433953575969],[129.28497948606577,35.544108851080566],[129.28166234270356,35.54461533898875],[129.2805273684824,35.544980589462654],[129.2794740839514,35.54559403644447],[129.2746768940746,35.54713634134953],[129.27460666415104,35.54711089394554],[129.27456355716203,35.547095260568206],[129.27335764572297,35.54639236352436],[129.27393142769472,35.54462404885122],[129.2743090726824,35.543839184414466],[129.27454742887028,35.5422665099302],[129.27295559850526,35.54106304649927],[129.27269965584486,35.540983898089294],[129.27045884222758,35.54207894355602],[129.26817547650816,35.54333486467039],[129.26598855885862,35.54371311958614],[129.2642032904973,35.54334286872731],[129.2639662461189,35.54325863992135],[129.26403237486952,35.543792716466385],[129.2641388146016,35.54465235337087],[129.26419752566366,35.545126513923314],[129.26402345367924,35.54718959738396],[129.2638921629141,35.548664619270376],[129.26387794642397,35.54877410625631],[129.2638442199815,35.549033838880206],[129.26378005337472,35.54933242714796],[129.26369095776278,35.5496105161744],[129.26365984859848,35.549668232429134],[129.2635621968741,35.549849402148034],[129.2635083588527,35.54994928242778],[129.26332901694033,35.55021883686095],[129.26306881952675,35.55046729882213],[129.2628539923012,35.5506313525152],[129.26281951459222,35.5506534644072],[129.26272520934268,35.550713931963436],[129.26055288229233,35.55210671634575],[129.26181140617228,35.554106770564395],[129.26437185605877,35.5558929502732],[129.2651177374481,35.55727900501005],[129.26665106912293,35.55586803269736],[129.26694104984406,35.555583987028115],[129.2670035821622,35.55552911882244],[129.26731929150375,35.555252103796754],[129.26757283647166,35.55503029367093],[129.26774559499387,35.55489096609591],[129.26906007042683,35.55412566392095],[129.26916740070357,35.55407586811332],[129.26972812458246,35.55381573582142],[129.27036115554435,35.55355557846738],[129.2706939718605,35.553445843985415],[129.27082981266418,35.55340110013701],[129.27102638304902,35.5533653229213],[129.27183481655325,35.553218195336676],[129.27256297095445,35.55326864818962],[129.2742878217526,35.55338815951347],[129.2755165459308,35.55347327309299],[129.27883071115792,35.553105676806524],[129.2790822212224,35.55307776999072],[129.28054443993835,35.552637086967344],[129.28141351707887,35.55237515395247],[129.28717815714842,35.55020247814468],[129.28952303078972,35.548602665200626]]]]}},{"type":"Feature","properties":{"adm_nm":"울산광역시 남구 무거동","adm_cd2":"3114059500","sgg":"31140","sido":"31","sidonm":"울산광역시","sggnm":"남구","adm_cd":"26020590"},"geometry":{"type":"MultiPolygon","coordinates":[[[[129.26055288229233,35.55210671634575],[129.26272520934268,35.550713931963436],[129.26281951459222,35.5506534644072],[129.2628539923012,35.5506313525152],[129.26306881952675,35.55046729882213],[129.26332901694033,35.55021883686095],[129.2635083588527,35.54994928242778],[129.2635621968741,35.549849402148034],[129.26365984859848,35.549668232429134],[129.26369095776278,35.5496105161744],[129.26378005337472,35.54933242714796],[129.2638442199815,35.549033838880206],[129.26387794642397,35.54877410625631],[129.2638921629141,35.548664619270376],[129.26402345367924,35.54718959738396],[129.26419752566366,35.545126513923314],[129.2641388146016,35.54465235337087],[129.26403237486952,35.543792716466385],[129.2639662461189,35.54325863992135],[129.2640431813538,35.54265953372238],[129.264318603723,35.54214909052523],[129.26482884116763,35.5416252674976],[129.2654423186568,35.541094416849255],[129.2660963619207,35.540408685790695],[129.26642699952228,35.539903258274634],[129.2664380718519,35.53987466469977],[129.2666514328278,35.5393236492147],[129.26683633243402,35.53855428585684],[129.26685340147114,35.53846993798685],[129.26354248541017,35.538509232539056],[129.26220963565765,35.53837837990285],[129.26216520306482,35.53837261500346],[129.26182113799155,35.53832022176022],[129.26052998755603,35.537274105562624],[129.2589171031319,35.53633910492181],[129.25556537317652,35.53484513948236],[129.25511222246115,35.533828346266795],[129.25446923370657,35.53312709451468],[129.25397290060658,35.5328215835992],[129.24930984807963,35.533181370673084],[129.24837353544692,35.533277519844354],[129.2478977574251,35.5333754994124],[129.24785114323453,35.53338511741658],[129.2476201129363,35.53360944059131],[129.24457772238063,35.53582363895979],[129.2382772435476,35.53628871596355],[129.23810503859664,35.53628763037831],[129.23667284454936,35.53622137933872],[129.2374153434737,35.53717081053302],[129.23881632046357,35.53946203108849],[129.23900448752266,35.53948137836132],[129.2401616983465,35.53955370229642],[129.24089724234312,35.539593969153984],[129.24133831388804,35.539600266662376],[129.24149297753337,35.53961432326295],[129.24159145861432,35.53963998886725],[129.24173571639992,35.53970289327573],[129.24184840024392,35.53977590634064],[129.2419206084985,35.539832489589514],[129.241971725777,35.539884810399435],[129.24323313539733,35.54145368176851],[129.24417968002646,35.54283751537055],[129.24718514092123,35.54392709031767],[129.24940149016575,35.54549402673268],[129.25231253974,35.549547808607215],[129.25289519318312,35.55133690538898],[129.2539326036982,35.55263489192426],[129.2543957316012,35.55317151772046],[129.2562534863895,35.554745014767164],[129.25779106828122,35.553934514570095],[129.25782454078123,35.55391686325597],[129.25988368979844,35.55255382771455],[129.2602857350936,35.552285220210756],[129.26055288229233,35.55210671634575]]]]}},{"type":"Feature","properties":{"adm_nm":"울산광역시 남구 옥동","adm_cd2":"3114060000","sgg":"31140","sido":"31","sidonm":"울산광역시","sggnm":"남구","adm_cd":"26020600"},"geometry":{"type":"MultiPolygon","coordinates":[[[[129.29467017131714,35.54275482380646],[129.2955018920634,35.540631100919406],[129.29539390768556,35.54022361345082],[129.29539120533147,35.54006439139305],[129.29541054681212,35.5397783832033],[129.2957138882059,35.53970191151396],[129.29575700176824,35.539698154585366],[129.29701570877165,35.53958850359844],[129.29713213178368,35.53562032701006],[129.29714180628608,35.53335604970833],[129.29803164199456,35.53210258793891],[129.29867391131955,35.53122176814207],[129.29974527587342,35.529709181103975],[129.29977569548245,35.529584658127064],[129.29947720527855,35.52945728948655],[129.29940696627972,35.529427318253305],[129.29892247187166,35.52939577610653],[129.29697447911892,35.52929852186789],[129.29266235963334,35.52746865877729],[129.2923464362481,35.52732359197055],[129.2922031646579,35.52719754243101],[129.2917279399846,35.526368912066104],[129.29171502120556,35.526343841604756],[129.29166903473075,35.525871784314596],[129.2916596028964,35.52574011663971],[129.2916646568683,35.52539028823394],[129.29171429925435,35.52500626248011],[129.29531671787123,35.524031886202486],[129.29709144438897,35.52472839597269],[129.29812590786415,35.52516180060103],[129.29910680571479,35.52521522935364],[129.29921173316302,35.52514275106109],[129.2992733027046,35.525090296041355],[129.29936285305723,35.525010132629056],[129.2997540950808,35.52449290003777],[129.29977944788826,35.524446386330794],[129.2998693891143,35.5242729319188],[129.30056097216283,35.52280624975619],[129.30063202272487,35.52100435949404],[129.30060097716293,35.52059836623909],[129.30054016441412,35.52008951668025],[129.30050336609418,35.51954886974945],[129.30051307282622,35.51924556773847],[129.30074492805065,35.51841496756465],[129.30214584621444,35.51794790682154],[129.30287661353123,35.51783143906739],[129.30352961140616,35.51779921958056],[129.30357756976068,35.51794234891015],[129.30383021555346,35.51806171586921],[129.30511497148098,35.51861659980447],[129.30530855863105,35.518667615404375],[129.30535886163625,35.51867973692362],[129.30574300567946,35.51863884214252],[129.30758222209386,35.51828833999338],[129.3076995622908,35.51826438022552],[129.30776861022747,35.51823398354047],[129.30788403312832,35.51813118559139],[129.3080061166891,35.517922432129076],[129.30902144020058,35.5175077615336],[129.30941149087252,35.51717393135849],[129.3095463611267,35.517007515513804],[129.30963393704675,35.51687443704586],[129.30971440078673,35.51665281882721],[129.30976102001617,35.51644234821073],[129.3093956339001,35.51445443470923],[129.3087592307904,35.51025612374083],[129.3086949308619,35.50953514853093],[129.30866162038282,35.50902963440515],[129.30863310312833,35.5077028916966],[129.3087509629491,35.50348644290788],[129.30921463601044,35.501119842170134],[129.30856860168097,35.499903772185185],[129.30856737865884,35.49980768286403],[129.30869291546654,35.498495168470406],[129.30889454399676,35.497674722885876],[129.30907271405385,35.49726939124375],[129.30786431789315,35.49739386973951],[129.30443467105178,35.49607086955438],[129.303794894888,35.49453789685782],[129.30148225047515,35.49446937766787],[129.2977830045093,35.49797954119215],[129.29420869043005,35.502206266539176],[129.2924074153712,35.50450011772683],[129.29103450737526,35.506532163194024],[129.29016416399548,35.50775606425428],[129.2894050141342,35.507785448936154],[129.28886511143168,35.507806343717824],[129.28827163948506,35.507829308757934],[129.28742153131233,35.51522259138358],[129.28676333881194,35.515966329518854],[129.28632668715244,35.51612657122008],[129.28353581385596,35.51711362424028],[129.28317881643468,35.51712355642761],[129.28283452615887,35.5170368681932],[129.2826771119886,35.51699098271232],[129.2821876211519,35.51684867743891],[129.28173150909475,35.517049253990464],[129.28132031596112,35.517232375344],[129.2803527963411,35.518832781357645],[129.2805206780362,35.51913906021835],[129.28147831715768,35.51935568692152],[129.28191708441895,35.51945400625552],[129.28064171539742,35.52064913212826],[129.2792605758979,35.52153088162948],[129.27773048465008,35.521945434070496],[129.27685934223794,35.52182271069909],[129.27470053798874,35.52363856565887],[129.27287395823436,35.52607548284637],[129.2737066352007,35.52703660275111],[129.27405047571276,35.527433466246364],[129.27482942365583,35.52836364639281],[129.27427750200798,35.529172494412094],[129.27241261469197,35.52978424752212],[129.26720393002685,35.53065507098759],[129.26433897770124,35.530786600575844],[129.2642187611812,35.53077988260129],[129.26386381864089,35.53075905396904],[129.2625596074574,35.53041555531693],[129.26248547472986,35.53019492234276],[129.26235530996235,35.5298041962181],[129.2589522860071,35.53113700085446],[129.2558543690808,35.53328694931765],[129.25511222246115,35.533828346266795],[129.25556537317652,35.53484513948236],[129.2589171031319,35.53633910492181],[129.26052998755603,35.537274105562624],[129.26182113799155,35.53832022176022],[129.26216520306482,35.53837261500346],[129.26220963565765,35.53837837990285],[129.26354248541017,35.538509232539056],[129.26685340147114,35.53846993798685],[129.26683633243402,35.53855428585684],[129.2666514328278,35.5393236492147],[129.2664380718519,35.53987466469977],[129.26642699952228,35.539903258274634],[129.2660963619207,35.540408685790695],[129.2654423186568,35.541094416849255],[129.26482884116763,35.5416252674976],[129.264318603723,35.54214909052523],[129.2640431813538,35.54265953372238],[129.2639662461189,35.54325863992135],[129.2642032904973,35.54334286872731],[129.26598855885862,35.54371311958614],[129.26817547650816,35.54333486467039],[129.27045884222758,35.54207894355602],[129.27269965584486,35.540983898089294],[129.27295559850526,35.54106304649927],[129.27454742887028,35.5422665099302],[129.2743090726824,35.543839184414466],[129.27393142769472,35.54462404885122],[129.27335764572297,35.54639236352436],[129.27456355716203,35.547095260568206],[129.27460666415104,35.54711089394554],[129.2746768940746,35.54713634134953],[129.2794740839514,35.54559403644447],[129.2805273684824,35.544980589462654],[129.28166234270356,35.54461533898875],[129.28497948606577,35.544108851080566],[129.28646606013547,35.54433953575969],[129.28735320739366,35.544453478477685],[129.28853718664445,35.54404481963966],[129.2902981503814,35.542801354203455],[129.29467017131714,35.54275482380646]]]]}},{"type":"Feature","properties":{"adm_nm":"울산광역시 남구 야음장생포동","adm_cd2":"3114067000","sgg":"31140","sido":"31","sidonm":"울산광역시","sggnm":"남구","adm_cd":"26020610"},"geometry":{"type":"MultiPolygon","coordinates":[[[[129.37329192058073,35.532905776114276],[129.37783305679582,35.52829090232245],[129.37449066047208,35.52881300516625],[129.37401260730252,35.52680295283155],[129.37249722970088,35.52345749201374],[129.37597218617123,35.52246329147545],[129.3755229628115,35.517573470517995],[129.38492227093087,35.5158599367929],[129.3861341979449,35.51031739171911],[129.3872575262899,35.50508961467767],[129.38742548974633,35.50203137669799],[129.38726716132632,35.50140706242219],[129.3866354512544,35.50102520061259],[129.3852909192736,35.500889526840886],[129.37977695382378,35.502738445641675],[129.3769802254728,35.501959336760045],[129.37316879163288,35.50080417944461],[129.36981931992375,35.50097367634313],[129.36569751783182,35.50503331946678],[129.36308587897508,35.505524200294936],[129.36234182903755,35.50530990428694],[129.3592944783552,35.506096283318605],[129.35454515335874,35.5080375169154],[129.35148127017308,35.509311087855814],[129.34905589505115,35.51001602743628],[129.34718701994063,35.50949725674712],[129.34630442038994,35.509580696189396],[129.34417992438992,35.51055059097961],[129.33994537251638,35.51397823296324],[129.33951719163366,35.51438756746294],[129.34008978923077,35.51516516996524],[129.33931601772272,35.51577299828002],[129.33890077373437,35.51608463451172],[129.33837222049573,35.51647042628693],[129.33829365750088,35.516515600739],[129.33646984713832,35.517412209325464],[129.33596953907352,35.51757495039083],[129.3351758154163,35.51783271051672],[129.33446335205525,35.518030926518755],[129.33390668376498,35.518321244320774],[129.33281433906396,35.519404202261036],[129.33109492484004,35.52032489053118],[129.33089977205165,35.520458858435674],[129.33044286037745,35.52091658989046],[129.33026839507264,35.52110895396888],[129.33057268853787,35.52436691179375],[129.330657633426,35.52516527866807],[129.33120518138202,35.52470942347698],[129.33230408469186,35.523812375100114],[129.33283807712507,35.52425292584679],[129.3325795296678,35.52473674635021],[129.33374681980442,35.525492701184824],[129.33402827099144,35.525620635282834],[129.33457142866206,35.52579845240422],[129.33486945297457,35.5258649218142],[129.33495579374284,35.525973786833156],[129.3346531893315,35.52610081258446],[129.3342173977187,35.52616620477072],[129.33350459437207,35.526167252201375],[129.33353035570644,35.52650963944536],[129.33331767991572,35.526640191206525],[129.3331940460164,35.52685161003816],[129.33319668718352,35.52692901898252],[129.33329634145434,35.527282001990336],[129.33381577917172,35.52746997666859],[129.33384931329465,35.52789059499366],[129.33499187247511,35.52768958050103],[129.33514432471506,35.527939447527594],[129.33358766946415,35.52850178243986],[129.3338858444555,35.529226574005975],[129.3340856863434,35.529709848719854],[129.33429060287574,35.53016517913783],[129.33496278442584,35.53324429790241],[129.34135225140685,35.532924139004606],[129.35197115054407,35.534287516508066],[129.3521659384981,35.53434024748025],[129.35265951024112,35.53499589232256],[129.35329303793853,35.53578036669156],[129.35493291198898,35.5372994977904],[129.35678541960363,35.538030821280124],[129.36259888338293,35.540945514255526],[129.36507310412037,35.54016294713784],[129.36671190285475,35.538492256722904],[129.3701142097273,35.53640245788385],[129.37329192058073,35.532905776114276]]]]}},{"type":"Feature","properties":{"adm_nm":"울산광역시 남구 대현동","adm_cd2":"3114062500","sgg":"31140","sido":"31","sidonm":"울산광역시","sggnm":"남구","adm_cd":"26020620"},"geometry":{"type":"MultiPolygon","coordinates":[[[[129.33281433906396,35.519404202261036],[129.33281239983,35.519364554237974],[129.33279331174634,35.519269445092526],[129.33237048762751,35.519292291968284],[129.32928237731477,35.519745853511196],[129.32906827735218,35.520060682267264],[129.32879751577252,35.52045884068032],[129.3286702967184,35.520765853847294],[129.3283401799843,35.521292577745406],[129.32826970869831,35.52138423777372],[129.3281682885846,35.521470622522635],[129.32789515709345,35.52158989757655],[129.3277104076706,35.52163769267553],[129.32750808043147,35.52168125533271],[129.32730321655183,35.521712945263076],[129.32701756109157,35.521722566519664],[129.32425816099956,35.521606490326825],[129.3234813323529,35.52268736764016],[129.32062573514068,35.52435262373047],[129.3198316093545,35.524624428754976],[129.31985383392472,35.52469354078069],[129.32022286636885,35.525635817135964],[129.32130295308195,35.527848906019905],[129.32381724413133,35.53123106975015],[129.32440643343327,35.530994465534114],[129.32727306024066,35.53029389755765],[129.32756069294436,35.53025959517114],[129.32762685945082,35.530273593436135],[129.3281236986597,35.53037871183914],[129.32896907553598,35.53078559656266],[129.3303307004399,35.53158319152033],[129.33040230279744,35.53165366401038],[129.33044641265232,35.53169708650976],[129.33496278442584,35.53324429790241],[129.33429060287574,35.53016517913783],[129.3340856863434,35.529709848719854],[129.3338858444555,35.529226574005975],[129.33358766946415,35.52850178243986],[129.33514432471506,35.527939447527594],[129.33499187247511,35.52768958050103],[129.33384931329465,35.52789059499366],[129.33381577917172,35.52746997666859],[129.33329634145434,35.527282001990336],[129.33319668718352,35.52692901898252],[129.3331940460164,35.52685161003816],[129.33331767991572,35.526640191206525],[129.33353035570644,35.52650963944536],[129.33350459437207,35.526167252201375],[129.3342173977187,35.52616620477072],[129.3346531893315,35.52610081258446],[129.33495579374284,35.525973786833156],[129.33486945297457,35.5258649218142],[129.33457142866206,35.52579845240422],[129.33402827099144,35.525620635282834],[129.33374681980442,35.525492701184824],[129.3325795296678,35.52473674635021],[129.33283807712507,35.52425292584679],[129.33230408469186,35.523812375100114],[129.33120518138202,35.52470942347698],[129.330657633426,35.52516527866807],[129.33057268853787,35.52436691179375],[129.33026839507264,35.52110895396888],[129.33044286037745,35.52091658989046],[129.33089977205165,35.520458858435674],[129.33109492484004,35.52032489053118],[129.33281433906396,35.519404202261036]]]]}},{"type":"Feature","properties":{"adm_nm":"울산광역시 남구 수암동","adm_cd2":"3114063500","sgg":"31140","sido":"31","sidonm":"울산광역시","sggnm":"남구","adm_cd":"26020630"},"geometry":{"type":"MultiPolygon","coordinates":[[[[129.32130295308195,35.527848906019905],[129.32022286636885,35.525635817135964],[129.31985383392472,35.52469354078069],[129.3198316093545,35.524624428754976],[129.32062573514068,35.52435262373047],[129.3234813323529,35.52268736764016],[129.32425816099956,35.521606490326825],[129.32473746305746,35.520929239233844],[129.32427858994146,35.52004587319597],[129.3225710408289,35.51917180660141],[129.31889491706238,35.51931713663975],[129.3181220354871,35.51934768517988],[129.3180203257858,35.51935170502935],[129.3170185347506,35.51967526050406],[129.31504504323163,35.52031262263574],[129.3147362247488,35.52041235548816],[129.31470641710672,35.52042557497887],[129.3146651233531,35.52054697371192],[129.31448682400296,35.52096229881379],[129.31357270139497,35.52090531558602],[129.31235502514508,35.52080153940665],[129.31170988719134,35.5207346480836],[129.31255326039448,35.52195677129861],[129.31425146271502,35.523197000164615],[129.31900682491928,35.526848554413995],[129.31906355737868,35.526950688704986],[129.31922862724645,35.52724955454974],[129.3192708173871,35.52730767522891],[129.3199813939479,35.527956602183274],[129.320695420537,35.52809922708135],[129.32106148225466,35.52794839974573],[129.32130295308195,35.527848906019905]]]]}},{"type":"Feature","properties":{"adm_nm":"울산광역시 남구 선암동","adm_cd2":"3114064000","sgg":"31140","sido":"31","sidonm":"울산광역시","sggnm":"남구","adm_cd":"26020640"},"geometry":{"type":"MultiPolygon","coordinates":[[[[129.33281433906396,35.519404202261036],[129.33390668376498,35.518321244320774],[129.33446335205525,35.518030926518755],[129.3351758154163,35.51783271051672],[129.33596953907352,35.51757495039083],[129.33646984713832,35.517412209325464],[129.33829365750088,35.516515600739],[129.33837222049573,35.51647042628693],[129.33890077373437,35.51608463451172],[129.33931601772272,35.51577299828002],[129.34008978923077,35.51516516996524],[129.33951719163366,35.51438756746294],[129.33994537251638,35.51397823296324],[129.34417992438992,35.51055059097961],[129.34630442038994,35.509580696189396],[129.34718701994063,35.50949725674712],[129.34905589505115,35.51001602743628],[129.35148127017308,35.509311087855814],[129.35454515335874,35.5080375169154],[129.3592944783552,35.506096283318605],[129.36234182903755,35.50530990428694],[129.3627650379419,35.50450380090961],[129.36518033462892,35.50101060343573],[129.3675890332564,35.49801465242525],[129.37209712456954,35.498646156928274],[129.37405814611455,35.49898484596024],[129.37647817776437,35.499948684852264],[129.37931967204992,35.49997841690569],[129.3825665040573,35.4964818372918],[129.38225993243526,35.49624308243263],[129.38728984128963,35.48977859614002],[129.38932646398152,35.48774480307969],[129.38449756547814,35.4837195894271],[129.3842254433368,35.48020060825056],[129.38406459884445,35.47765074340078],[129.3842319694254,35.47607369375541],[129.38446583377626,35.47529967507069],[129.38413041342312,35.47408223696759],[129.38066482468795,35.47117791240757],[129.3790833019825,35.471888314853906],[129.37838470667182,35.4722021071844],[129.3746615436548,35.46925721486773],[129.37020833904904,35.4656048561846],[129.36276050159,35.46045149251491],[129.36479153877087,35.45962241337077],[129.36773329851127,35.458516316387644],[129.36491508412257,35.45666239714397],[129.36130895933724,35.459146139741264],[129.3601654438101,35.45906278894198],[129.35863932815187,35.45853026996425],[129.3568087417811,35.45884926990375],[129.35439630483623,35.45973570734146],[129.35303827702202,35.46333992922523],[129.35278071723752,35.46477886987874],[129.3526707788447,35.46541052798455],[129.3499760158123,35.468365820368476],[129.349352949098,35.469007468607344],[129.34612236900892,35.47029851360429],[129.33933909225908,35.47526715696355],[129.3396452799128,35.47697491710984],[129.33960228827715,35.47844463632482],[129.33905219249831,35.48013404098792],[129.3374686315728,35.481598619482156],[129.33654904734408,35.48235087225149],[129.33570435294038,35.48240599445165],[129.33515420989292,35.48244313555639],[129.33347881172344,35.48258003878336],[129.33328362424578,35.48265109602539],[129.33310264760942,35.48275896156138],[129.33296762166952,35.482879319715956],[129.33286609380187,35.483021436341595],[129.33258386203522,35.48345686526306],[129.3324467150068,35.48367466794743],[129.33230020874848,35.483886467870505],[129.33214075992296,35.484070223157765],[129.3319826805798,35.48424704097904],[129.33182506875326,35.48437625934059],[129.3316931769499,35.484472704371065],[129.33144175562242,35.48460607727699],[129.33126199586638,35.48468043557213],[129.33120796276955,35.48469385092681],[129.3308223461185,35.48476683824559],[129.33014606707587,35.48480969883197],[129.32663620631598,35.48481671842739],[129.3193765872116,35.484830916609],[129.31943047553736,35.4909862533468],[129.31943138716724,35.491106114905364],[129.31934198908223,35.49110678622801],[129.31403104070534,35.491137162720584],[129.31398607123282,35.49237556412667],[129.31216551800833,35.495377283565404],[129.3119986406439,35.49557453914671],[129.31177280400493,35.49581013654748],[129.31148594604866,35.49600068045976],[129.31015455526676,35.49678826100631],[129.3097405731317,35.49699720911164],[129.30907271405385,35.49726939124375],[129.30889454399676,35.497674722885876],[129.30869291546654,35.498495168470406],[129.30856737865884,35.49980768286403],[129.30856860168097,35.499903772185185],[129.30921463601044,35.501119842170134],[129.3087509629491,35.50348644290788],[129.30863310312833,35.5077028916966],[129.30866162038282,35.50902963440515],[129.3086949308619,35.50953514853093],[129.3087592307904,35.51025612374083],[129.3093956339001,35.51445443470923],[129.30976102001617,35.51644234821073],[129.30971440078673,35.51665281882721],[129.30963393704675,35.51687443704586],[129.3095463611267,35.517007515513804],[129.30941149087252,35.51717393135849],[129.30902144020058,35.5175077615336],[129.3080061166891,35.517922432129076],[129.31170988719134,35.5207346480836],[129.31235502514508,35.52080153940665],[129.31357270139497,35.52090531558602],[129.31448682400296,35.52096229881379],[129.3146651233531,35.52054697371192],[129.31470641710672,35.52042557497887],[129.3147362247488,35.52041235548816],[129.31504504323163,35.52031262263574],[129.3170185347506,35.51967526050406],[129.3180203257858,35.51935170502935],[129.3181220354871,35.51934768517988],[129.31889491706238,35.51931713663975],[129.3225710408289,35.51917180660141],[129.32427858994146,35.52004587319597],[129.32473746305746,35.520929239233844],[129.32425816099956,35.521606490326825],[129.32701756109157,35.521722566519664],[129.32730321655183,35.521712945263076],[129.32750808043147,35.52168125533271],[129.3277104076706,35.52163769267553],[129.32789515709345,35.52158989757655],[129.3281682885846,35.521470622522635],[129.32826970869831,35.52138423777372],[129.3283401799843,35.521292577745406],[129.3286702967184,35.520765853847294],[129.32879751577252,35.52045884068032],[129.32906827735218,35.520060682267264],[129.32928237731477,35.519745853511196],[129.33237048762751,35.519292291968284],[129.33279331174634,35.519269445092526],[129.33281239983,35.519364554237974],[129.33281433906396,35.519404202261036]]]]}},{"type":"Feature","properties":{"adm_nm":"울산광역시 동구 방어동","adm_cd2":"3117051000","sgg":"31170","sido":"31","sidonm":"울산광역시","sggnm":"동구","adm_cd":"26030510"},"geometry":{"type":"MultiPolygon","coordinates":[[[[129.41081240214055,35.49482377329518],[129.41227400850994,35.4940387773863],[129.41400008777927,35.49268096670185],[129.41397092649004,35.49172948841811],[129.4154565357798,35.49003342468902],[129.41621266391738,35.4894902439289],[129.4166481631135,35.48922114466173],[129.41678263853407,35.48959464438806],[129.41704998956078,35.49045034153],[129.4173453530127,35.491545016995346],[129.42160220258228,35.49072054018614],[129.4223760474156,35.49039620739606],[129.4244299342216,35.490387441650284],[129.4271639510115,35.49135494251111],[129.42722978501442,35.49158038072607],[129.42744170441802,35.492349717072045],[129.42889158907926,35.49153880961404],[129.43285213029952,35.48946019849722],[129.43269712764524,35.48897414797551],[129.43240928157735,35.488495077284234],[129.43247229124898,35.48839498820955],[129.43508505574954,35.4866202301318],[129.43807018811438,35.484645592892925],[129.43785219160122,35.48462132968001],[129.43697961211393,35.484434248443705],[129.43215050387036,35.48042830817985],[129.43123277981204,35.47810063579912],[129.4274748158441,35.47805033237113],[129.42747821096418,35.478163297996446],[129.4274823852324,35.47830210723309],[129.4276791826884,35.47843986082713],[129.42798672743476,35.47841791323731],[129.42825200969284,35.47827087324721],[129.43023687769883,35.47829391274609],[129.43109203779974,35.47854437069464],[129.43184482513934,35.480513191328114],[129.43168245482403,35.48087861690896],[129.4304499309347,35.48353934867816],[129.4298188659319,35.484247966907986],[129.4288694421238,35.48470797526281],[129.4280814461366,35.48477105858813],[129.42527322587878,35.48492202735287],[129.42484349754102,35.484725951874914],[129.42447869388906,35.48444998807898],[129.42413382611423,35.484189098338035],[129.42478484299366,35.48148977722756],[129.42774318895437,35.48120986322421],[129.42909293352082,35.47997026820344],[129.42867586412135,35.4795535108812],[129.42465561474398,35.48103573610188],[129.42037823326217,35.48165695330142],[129.41973819698535,35.481730864018594],[129.41955163492543,35.48175239111986],[129.4180300923189,35.48112156233391],[129.4164076070275,35.48033525611461],[129.41486689216669,35.47838197292624],[129.41630084264463,35.476731423394725],[129.41640145843246,35.475893136449045],[129.4116494513974,35.471588425579775],[129.41049604076076,35.471172539403966],[129.4104636470388,35.47116086124396],[129.40928793957508,35.47107153820758],[129.40613081438653,35.47164216138001],[129.40559086155434,35.47204776689677],[129.4067984933954,35.47320823719498],[129.40465558956186,35.4762973025608],[129.40461549313,35.476355038057825],[129.40402500490913,35.4773821336184],[129.40395640498977,35.4866679051728],[129.40411263675202,35.48692078136282],[129.4080181702611,35.49324002910853],[129.40303565034455,35.49971153750088],[129.39568979785832,35.50115989791625],[129.39785960429342,35.5078637707245],[129.3967323475168,35.5149328909005],[129.38744415050067,35.52725696045001],[129.38922355399134,35.526504367312945],[129.3904193621901,35.5253887434481],[129.39184871885627,35.52299627808876],[129.39310015917602,35.52221273733366],[129.39443124952962,35.521760914262735],[129.39620494159755,35.52179179619095],[129.39763226706944,35.52135801184151],[129.39771423540444,35.52076910728867],[129.3989241417458,35.52026038090995],[129.4017511205703,35.52025500273539],[129.40320927124458,35.520114473926526],[129.40448681476062,35.51942834055669],[129.40554509096128,35.518588962074816],[129.40556706606895,35.51749173546125],[129.4066841351377,35.51660734716214],[129.40505118511808,35.51695144683758],[129.4051352074227,35.51569164580152],[129.4045721391999,35.51518148096014],[129.40600102581044,35.51380739209845],[129.40641111680736,35.51190095681622],[129.40605595255232,35.51106432355674],[129.40680478478046,35.50955406868586],[129.4070526462354,35.50863934684652],[129.406293652465,35.507946209005226],[129.40503438385818,35.50762333216257],[129.4044456086761,35.505007950539095],[129.40611738352976,35.50234952974905],[129.4068167150992,35.5016074139271],[129.4071238778367,35.50125824715869],[129.40710419568197,35.50115832180154],[129.40707192670658,35.50109749632207],[129.40730185215938,35.500217713547535],[129.40749413091828,35.499588468103504],[129.40754700301744,35.499470412749645],[129.40761219663815,35.49935119337561],[129.40777826918347,35.49916024122314],[129.40790397701437,35.49906583312983],[129.40834603594385,35.49882343307229],[129.40853196359518,35.498750740771165],[129.40930557318026,35.49832840123556],[129.4097280121504,35.49698071317498],[129.41041153255233,35.495237780395996],[129.41047755312414,35.495160680084346],[129.41053860522206,35.49508939561822],[129.41081240214055,35.49482377329518]]]]}},{"type":"Feature","properties":{"adm_nm":"울산광역시 동구 일산동","adm_cd2":"3117052000","sgg":"31170","sido":"31","sidonm":"울산광역시","sggnm":"동구","adm_cd":"26030520"},"geometry":{"type":"MultiPolygon","coordinates":[[[[129.43242515211358,35.5075645971729],[129.43207912385486,35.505384895359285],[129.43371769866138,35.50426423126622],[129.43725731937636,35.50673084772773],[129.44153762845283,35.50773206468119],[129.4417586022664,35.50769976808761],[129.44349144822235,35.50574006385891],[129.44358818355263,35.504744080844446],[129.44344861264227,35.5021302446174],[129.44310006873593,35.5015942273281],[129.4426352638859,35.50120867211051],[129.4398830450592,35.50010414845995],[129.439091375163,35.49989798774389],[129.43478420774082,35.499318598822455],[129.43464447385298,35.499691567193416],[129.43432429439596,35.50009298526128],[129.43394905304189,35.500149199255816],[129.43375174633627,35.50017859385232],[129.4330499293005,35.49994588810854],[129.43236639480955,35.499317860072836],[129.43166876743877,35.49822106552234],[129.43121563081246,35.49721809463962],[129.43111957275,35.496035148492744],[129.43143353179607,35.494424251629034],[129.43198183071314,35.493573892240285],[129.43294828972617,35.49256699863862],[129.43366313026365,35.49223168375685],[129.4342963177636,35.49219422138106],[129.43902381604448,35.49370330667962],[129.43943266002782,35.494238122569676],[129.43950796042895,35.4947303166015],[129.4396745614221,35.495245335061426],[129.44080869176597,35.49579016656189],[129.44156564483956,35.49584890240292],[129.44243140540306,35.49551048785448],[129.44462649584975,35.49418238479915],[129.44652520488737,35.491050851818045],[129.44621211710586,35.49068691721991],[129.44584165100318,35.49042289748368],[129.44538884950848,35.490432073496045],[129.4444046436472,35.49084697916],[129.4441110058723,35.491124475536616],[129.4439705292384,35.49147290216905],[129.44367463162664,35.491676379293615],[129.443315375975,35.4917823974915],[129.4426180851201,35.49169777026264],[129.4415540704611,35.49147244220226],[129.44106361717735,35.49123551692282],[129.44072410222978,35.490995527436695],[129.44007004467178,35.490342251242915],[129.43997054571633,35.49004805186902],[129.43955937310474,35.48643752369801],[129.4397278116482,35.48629380059559],[129.4397300482154,35.486088474661784],[129.43950980281903,35.485796698477444],[129.4393219811012,35.48557832194375],[129.43913566828545,35.48540930150784],[129.43851705931047,35.48492808775684],[129.43823943534179,35.48473621065999],[129.43807018811438,35.484645592892925],[129.43508505574954,35.4866202301318],[129.43247229124898,35.48839498820955],[129.43240928157735,35.488495077284234],[129.43269712764524,35.48897414797551],[129.43285213029952,35.48946019849722],[129.42889158907926,35.49153880961404],[129.42744170441802,35.492349717072045],[129.42755365441016,35.49271924278673],[129.42756553284497,35.492762282735775],[129.4277547293932,35.49344781170941],[129.4286141823672,35.49670529522395],[129.42769200734438,35.49688524925671],[129.42765874346188,35.4968913927387],[129.4269558704806,35.496955013056336],[129.4250146356989,35.49777283095702],[129.4251811391003,35.49848841679869],[129.42546462642105,35.49970680035242],[129.424856163463,35.503191943557574],[129.4238725676395,35.5052024932524],[129.4238121509714,35.50521472308682],[129.4211445291335,35.505871721549674],[129.42108456162038,35.505924362633046],[129.42117432306145,35.506695078478316],[129.42490303967708,35.506299050845286],[129.42532950774506,35.506246899520605],[129.42528040151285,35.50593143941506],[129.42523182781937,35.50561937934543],[129.4258902741245,35.505553896433916],[129.42965571874177,35.505179412379526],[129.4307456908941,35.50745438707555],[129.43242515211358,35.5075645971729]]]]}},{"type":"Feature","properties":{"adm_nm":"울산광역시 동구 화정동","adm_cd2":"3117053000","sgg":"31170","sido":"31","sidonm":"울산광역시","sggnm":"동구","adm_cd":"26030530"},"geometry":{"type":"MultiPolygon","coordinates":[[[[129.4250146356989,35.49777283095702],[129.4269558704806,35.496955013056336],[129.42765874346188,35.4968913927387],[129.42769200734438,35.49688524925671],[129.4286141823672,35.49670529522395],[129.4277547293932,35.49344781170941],[129.42756553284497,35.492762282735775],[129.42755365441016,35.49271924278673],[129.42744170441802,35.492349717072045],[129.42722978501442,35.49158038072607],[129.4271639510115,35.49135494251111],[129.4244299342216,35.490387441650284],[129.4223760474156,35.49039620739606],[129.42160220258228,35.49072054018614],[129.4173453530127,35.491545016995346],[129.41704998956078,35.49045034153],[129.41678263853407,35.48959464438806],[129.4166481631135,35.48922114466173],[129.41621266391738,35.4894902439289],[129.4154565357798,35.49003342468902],[129.41397092649004,35.49172948841811],[129.41400008777927,35.49268096670185],[129.41227400850994,35.4940387773863],[129.41081240214055,35.49482377329518],[129.41140098376977,35.494748763927376],[129.4123516104743,35.494907454674056],[129.41758903489216,35.497824160437666],[129.4176916507927,35.49800027306919],[129.4177665038252,35.49812873901729],[129.41991445878736,35.498619379949],[129.4206005794416,35.4987483857967],[129.42067212107452,35.498761223466126],[129.42076321799678,35.49875882258018],[129.42220088933104,35.49856743239521],[129.42348738651984,35.49837478865167],[129.42358605487897,35.498347412259605],[129.42395906777438,35.49824391195156],[129.4250146356989,35.49777283095702]]]]}},{"type":"Feature","properties":{"adm_nm":"울산광역시 동구 대송동","adm_cd2":"3117054000","sgg":"31170","sido":"31","sidonm":"울산광역시","sggnm":"동구","adm_cd":"26030540"},"geometry":{"type":"MultiPolygon","coordinates":[[[[129.40783339100213,35.51632474374143],[129.4083648118723,35.51600294082728],[129.40995673714656,35.515319120231496],[129.41041198149645,35.515321702478],[129.41096009520015,35.51570476014957],[129.41312275141667,35.515474597935494],[129.41349290575417,35.51492028581151],[129.41466344476987,35.51477808163039],[129.41490453734855,35.5148191274927],[129.4152026712563,35.514769874892586],[129.41850283729508,35.513408378258944],[129.41948345009146,35.5123350704139],[129.41915833185212,35.5107536898975],[129.420794938379,35.50906273028146],[129.41937639869343,35.50739990067001],[129.4192445584739,35.50694735674897],[129.4192578906424,35.506870537598545],[129.41991031898056,35.50680983557654],[129.420260112383,35.50677748194758],[129.4209714493247,35.506711685696736],[129.42117432306145,35.506695078478316],[129.42108456162038,35.505924362633046],[129.4211445291335,35.505871721549674],[129.4238121509714,35.50521472308682],[129.4238725676395,35.5052024932524],[129.424856163463,35.503191943557574],[129.42546462642105,35.49970680035242],[129.4251811391003,35.49848841679869],[129.4250146356989,35.49777283095702],[129.42395906777438,35.49824391195156],[129.42358605487897,35.498347412259605],[129.42348738651984,35.49837478865167],[129.42220088933104,35.49856743239521],[129.42076321799678,35.49875882258018],[129.42067212107452,35.498761223466126],[129.4206005794416,35.4987483857967],[129.41991445878736,35.498619379949],[129.4177665038252,35.49812873901729],[129.4176916507927,35.49800027306919],[129.41758903489216,35.497824160437666],[129.4123516104743,35.494907454674056],[129.41140098376977,35.494748763927376],[129.41081240214055,35.49482377329518],[129.41053860522206,35.49508939561822],[129.41047755312414,35.495160680084346],[129.41041153255233,35.495237780395996],[129.4097280121504,35.49698071317498],[129.40930557318026,35.49832840123556],[129.40853196359518,35.498750740771165],[129.40834603594385,35.49882343307229],[129.40790397701437,35.49906583312983],[129.40777826918347,35.49916024122314],[129.40761219663815,35.49935119337561],[129.40754700301744,35.499470412749645],[129.40749413091828,35.499588468103504],[129.40730185215938,35.500217713547535],[129.40707192670658,35.50109749632207],[129.40710419568197,35.50115832180154],[129.4071238778367,35.50125824715869],[129.4068167150992,35.5016074139271],[129.40611738352976,35.50234952974905],[129.4044456086761,35.505007950539095],[129.40503438385818,35.50762333216257],[129.406293652465,35.507946209005226],[129.4070526462354,35.50863934684652],[129.40680478478046,35.50955406868586],[129.40605595255232,35.51106432355674],[129.40641111680736,35.51190095681622],[129.40600102581044,35.51380739209845],[129.4045721391999,35.51518148096014],[129.4051352074227,35.51569164580152],[129.40505118511808,35.51695144683758],[129.4066841351377,35.51660734716214],[129.40783339100213,35.51632474374143]]]]}},{"type":"Feature","properties":{"adm_nm":"울산광역시 동구 전하1동","adm_cd2":"3117055000","sgg":"31170","sido":"31","sidonm":"울산광역시","sggnm":"동구","adm_cd":"26030550"},"geometry":{"type":"MultiPolygon","coordinates":[[[[129.43143399495273,35.51972143589765],[129.4397527260509,35.51990430185154],[129.44636661318154,35.5200560273036],[129.44630325535607,35.51743239522916],[129.44721896035855,35.517652655347014],[129.44692376648248,35.51598472731627],[129.44549480990597,35.51099228590383],[129.44180531978532,35.509137585891885],[129.4417552773264,35.51103833240475],[129.43465889461186,35.511183234720065],[129.43349612386302,35.5112689713056],[129.4325119708122,35.51118681118916],[129.43235420067995,35.51160066740719],[129.43278429398677,35.5125535401741],[129.43104695765757,35.51303187509304],[129.4307657099353,35.51220457493295],[129.42746071391687,35.51257604071931],[129.42213068894628,35.512841343247686],[129.4220263583826,35.51348937991139],[129.42042095479292,35.513475782711915],[129.41850283729508,35.513408378258944],[129.4152026712563,35.514769874892586],[129.41490453734855,35.5148191274927],[129.41466344476987,35.51477808163039],[129.41349290575417,35.51492028581151],[129.41312275141667,35.515474597935494],[129.41096009520015,35.51570476014957],[129.41041198149645,35.515321702478],[129.40995673714656,35.515319120231496],[129.4083648118723,35.51600294082728],[129.4090131197852,35.516570499386766],[129.40923561711148,35.51724028409251],[129.4097057477958,35.51938742223322],[129.40936894650648,35.5213514668227],[129.41084547820404,35.520975509196745],[129.41134822476184,35.51994901174273],[129.41202975034034,35.51938976804197],[129.41495527129786,35.51950004041016],[129.41508966159566,35.51910616425415],[129.4159504316506,35.519033729197616],[129.41660497090888,35.51935630786081],[129.42028846621108,35.51910183323091],[129.42254714306102,35.51937923543134],[129.42365066821782,35.519439984120346],[129.42650770295865,35.5186892379806],[129.4280112023868,35.52069823360736],[129.43143399495273,35.51972143589765]]]]}},{"type":"Feature","properties":{"adm_nm":"울산광역시 동구 남목1동","adm_cd2":"3117058000","sgg":"31170","sido":"31","sidonm":"울산광역시","sggnm":"동구","adm_cd":"26030580"},"geometry":{"type":"MultiPolygon","coordinates":[[[[129.43492919342398,35.53263867326755],[129.43430218881787,35.53247245172127],[129.43292936307267,35.532181077662514],[129.42843224597863,35.53780475724069],[129.42792282273618,35.538409885267555],[129.42720389768593,35.53893291846809],[129.42709495121187,35.5390121779813],[129.42704012501636,35.53903362564383],[129.4251511758841,35.538425028915576],[129.42408268183493,35.537787662985124],[129.4230337389706,35.53661348498251],[129.42286533069642,35.536399377146765],[129.4192463338074,35.53570723428081],[129.41867768281102,35.535436305344156],[129.41564965091754,35.53353082379584],[129.41322280265234,35.5317106167138],[129.41015148026057,35.52913140094783],[129.4066276755672,35.52695731710039],[129.4062047327615,35.526532648293546],[129.40531044526492,35.527369432968996],[129.40492793680895,35.52772734583864],[129.40264078152876,35.53059215586172],[129.40258390837573,35.530717599490195],[129.40258764851893,35.53146903628071],[129.40353287966278,35.53268701931444],[129.40424555779126,35.53338911784884],[129.4049769433267,35.533997234093],[129.4059029951205,35.53501949936088],[129.40665128641803,35.537326336581415],[129.40669657500405,35.537507388085274],[129.40664467964774,35.53788858980103],[129.4065840906705,35.538193202259905],[129.40653172197898,35.53836732590437],[129.4064353147011,35.538606826808305],[129.40632122468614,35.538860879807686],[129.40605635463837,35.539129944958276],[129.40574751070946,35.539478881687096],[129.40564230201298,35.53973289823776],[129.40550526682676,35.54077380199468],[129.40562503040977,35.54165038848086],[129.40565684114333,35.54173235125901],[129.4056699879307,35.54176620031023],[129.40597287623137,35.54199712530239],[129.40635582344896,35.5422639938036],[129.40759755246413,35.54314197647652],[129.4084400840918,35.54532239007117],[129.4103368633239,35.54546862921924],[129.41343452743658,35.546731829654235],[129.41451518658255,35.54783113080324],[129.41654505759305,35.54752465600746],[129.42059461155574,35.54548191621442],[129.42384197747586,35.544979632732364],[129.42441862739392,35.54704664817681],[129.42580022270977,35.54725342477408],[129.4271324476669,35.546279426400986],[129.42661807029077,35.54581670951678],[129.4252435535276,35.54646545341168],[129.4258490328826,35.54464666918896],[129.42642373771295,35.543704421917475],[129.42610542413456,35.54270431214652],[129.42578596709197,35.54208889259496],[129.42617729186418,35.541416683002645],[129.4270832840458,35.54225726033145],[129.42907435701304,35.5422055845993],[129.42941737849284,35.54218839622655],[129.42940778479516,35.54165268065422],[129.4293976689806,35.541088208451804],[129.42936318047563,35.53916236728879],[129.43492919342398,35.53263867326755]]]]}},{"type":"Feature","properties":{"adm_nm":"울산광역시 동구 남목2동","adm_cd2":"3117059000","sgg":"31170","sido":"31","sidonm":"울산광역시","sggnm":"동구","adm_cd":"26030590"},"geometry":{"type":"MultiPolygon","coordinates":[[[[129.43430218881787,35.53247245172127],[129.4350703975217,35.527543790685264],[129.43705882456442,35.52753144821636],[129.43842458980677,35.52852802114212],[129.4472614419382,35.52932579661978],[129.4496440743976,35.527779097352834],[129.44793416746853,35.525436714533186],[129.44886756238827,35.524403109896504],[129.45036005443743,35.524692368136954],[129.44721896035855,35.517652655347014],[129.44630325535607,35.51743239522916],[129.44636661318154,35.5200560273036],[129.4397527260509,35.51990430185154],[129.43143399495273,35.51972143589765],[129.4280112023868,35.52069823360736],[129.42650770295865,35.5186892379806],[129.42365066821782,35.519439984120346],[129.42254714306102,35.51937923543134],[129.42028846621108,35.51910183323091],[129.41660497090888,35.51935630786081],[129.4159504316506,35.519033729197616],[129.41508966159566,35.51910616425415],[129.41495527129786,35.51950004041016],[129.41202975034034,35.51938976804197],[129.41134822476184,35.51994901174273],[129.41084547820404,35.520975509196745],[129.40936894650648,35.5213514668227],[129.41040539884736,35.52423199802435],[129.4091178334492,35.525194439239854],[129.4062047327615,35.526532648293546],[129.4066276755672,35.52695731710039],[129.41015148026057,35.52913140094783],[129.41322280265234,35.5317106167138],[129.41564965091754,35.53353082379584],[129.41867768281102,35.535436305344156],[129.4192463338074,35.53570723428081],[129.42286533069642,35.536399377146765],[129.4230337389706,35.53661348498251],[129.42408268183493,35.537787662985124],[129.4251511758841,35.538425028915576],[129.42704012501636,35.53903362564383],[129.42709495121187,35.5390121779813],[129.42720389768593,35.53893291846809],[129.42792282273618,35.538409885267555],[129.42843224597863,35.53780475724069],[129.43292936307267,35.532181077662514],[129.43430218881787,35.53247245172127]]]]}},{"type":"Feature","properties":{"adm_nm":"울산광역시 동구 남목3동","adm_cd2":"3117060000","sgg":"31170","sido":"31","sidonm":"울산광역시","sggnm":"동구","adm_cd":"26030600"},"geometry":{"type":"MultiPolygon","coordinates":[[[[129.4530979786348,35.54670289984289],[129.45351387086166,35.54211283189845],[129.4510063884188,35.53753093252973],[129.45172119488066,35.533406111784984],[129.451042953034,35.52914714081655],[129.4496440743976,35.527779097352834],[129.4472614419382,35.52932579661978],[129.43842458980677,35.52852802114212],[129.43705882456442,35.52753144821636],[129.4350703975217,35.527543790685264],[129.43430218881787,35.53247245172127],[129.43492919342398,35.53263867326755],[129.42936318047563,35.53916236728879],[129.4293976689806,35.541088208451804],[129.42940778479516,35.54165268065422],[129.42941737849284,35.54218839622655],[129.42907435701304,35.5422055845993],[129.4270832840458,35.54225726033145],[129.42617729186418,35.541416683002645],[129.42578596709197,35.54208889259496],[129.42610542413456,35.54270431214652],[129.42642373771295,35.543704421917475],[129.4258490328826,35.54464666918896],[129.4252435535276,35.54646545341168],[129.42661807029077,35.54581670951678],[129.4271324476669,35.546279426400986],[129.42580022270977,35.54725342477408],[129.42441862739392,35.54704664817681],[129.42384197747586,35.544979632732364],[129.42059461155574,35.54548191621442],[129.41654505759305,35.54752465600746],[129.41451518658255,35.54783113080324],[129.41343452743658,35.546731829654235],[129.4103368633239,35.54546862921924],[129.4084400840918,35.54532239007117],[129.40753359380204,35.54651196052966],[129.40700823971503,35.54861608611195],[129.40719969066654,35.550131886187266],[129.40721356093187,35.55017299323655],[129.40755364253937,35.55107620895678],[129.40757734998505,35.551125428820825],[129.40761605771218,35.55119336349225],[129.40767662936923,35.55127368038155],[129.40774497462283,35.55136069043544],[129.40780187538977,35.55143095504883],[129.40787358921972,35.55151379546487],[129.407955720169,35.55160152925252],[129.40801281871907,35.5516449376919],[129.40807967761836,35.55168149707031],[129.40816744611914,35.551726050738374],[129.4084530899602,35.551848332341194],[129.4089588967966,35.55204603572256],[129.40916377723468,35.552103207412216],[129.40931292190308,35.552130649453595],[129.4095560480326,35.552167156307156],[129.40979360908193,35.552205942382635],[129.40994575634093,35.55225419131651],[129.4101422420633,35.552323916981884],[129.41032479397003,35.55239362425695],[129.4111188122939,35.5527133314163],[129.4113572643111,35.552839254340945],[129.41148563596607,35.55291498093509],[129.41307049208436,35.55470827185881],[129.41321690143735,35.55488283614754],[129.41334417717542,35.55507133371223],[129.4134725300028,35.55528153920698],[129.41356227933522,35.55545371295489],[129.41381921849575,35.5561436725474],[129.41371971277266,35.55906631915669],[129.41210446303805,35.56070384957024],[129.41234590431085,35.56062968319848],[129.41339348669197,35.56097305119993],[129.41623351419602,35.56281041638748],[129.41721674020715,35.563340798927804],[129.42201052203603,35.56430831361685],[129.42716311950508,35.56536110954818],[129.42847114318494,35.56570323165005],[129.42873457642284,35.566234320702655],[129.42916487686364,35.567061109610776],[129.4301145808464,35.56721884277452],[129.43158493079494,35.56713354087857],[129.43305485806567,35.5669681582187],[129.4349362491701,35.56678186790489],[129.4368001020915,35.566935274191884],[129.43765103849023,35.567517381275415],[129.43828303424888,35.567875521429215],[129.43997583760594,35.568282915981605],[129.44036833467953,35.56833487203637],[129.44069532458258,35.568360362836636],[129.4408260623796,35.56835989539009],[129.44396217800778,35.568054839791216],[129.44474497353883,35.56775840474268],[129.44484113026905,35.567411100009224],[129.445036788648,35.56733030326802],[129.44953130226023,35.57032948692143],[129.4517953975988,35.571895659010075],[129.45280694903363,35.57268315034416],[129.45340206645406,35.570374955609516],[129.4543899175839,35.56824753721606],[129.45563314967254,35.56597269069815],[129.4559075488403,35.56559571015135],[129.4562861835016,35.56522722203132],[129.45835148429538,35.55883884367874],[129.45796206346927,35.554596036559204],[129.45646810395257,35.55205226423306],[129.4560311704676,35.55178527647527],[129.45566561428188,35.55110779381437],[129.45562056230213,35.5510242471421],[129.45545794330485,35.55053738697376],[129.45534373139176,35.54974674399089],[129.4530979786348,35.54670289984289]]]]}},{"type":"Feature","properties":{"adm_nm":"울산광역시 동구 전하2동","adm_cd2":"3117056000","sgg":"31170","sido":"31","sidonm":"울산광역시","sggnm":"동구","adm_cd":"26030610"},"geometry":{"type":"MultiPolygon","coordinates":[[[[129.43278429398677,35.5125535401741],[129.43235420067995,35.51160066740719],[129.4325119708122,35.51118681118916],[129.43349612386302,35.5112689713056],[129.43295944278023,35.510866246821436],[129.43242515211358,35.5075645971729],[129.4307456908941,35.50745438707555],[129.42965571874177,35.505179412379526],[129.4258902741245,35.505553896433916],[129.42523182781937,35.50561937934543],[129.42528040151285,35.50593143941506],[129.42532950774506,35.506246899520605],[129.42490303967708,35.506299050845286],[129.42117432306145,35.506695078478316],[129.4209714493247,35.506711685696736],[129.420260112383,35.50677748194758],[129.41991031898056,35.50680983557654],[129.4192578906424,35.506870537598545],[129.4192445584739,35.50694735674897],[129.41937639869343,35.50739990067001],[129.420794938379,35.50906273028146],[129.41915833185212,35.5107536898975],[129.41948345009146,35.5123350704139],[129.41850283729508,35.513408378258944],[129.42042095479292,35.513475782711915],[129.4220263583826,35.51348937991139],[129.42213068894628,35.512841343247686],[129.42746071391687,35.51257604071931],[129.4307657099353,35.51220457493295],[129.43104695765757,35.51303187509304],[129.43278429398677,35.5125535401741]]]]}},{"type":"Feature","properties":{"adm_nm":"울산광역시 북구 농소1동","adm_cd2":"3120051000","sgg":"31200","sido":"31","sidonm":"울산광역시","sggnm":"북구","adm_cd":"26040510"},"geometry":{"type":"MultiPolygon","coordinates":[[[[129.3837046457089,35.608847099849555],[129.38234188670273,35.60996849847479],[129.38006371971693,35.61095537802716],[129.37977818350464,35.61099999240983],[129.37922432410681,35.610958001187015],[129.373915448336,35.609983425186556],[129.3679344087797,35.6091243951983],[129.3561433669931,35.60647424181681],[129.35387392986405,35.60572101943259],[129.35327338603113,35.60528656230252],[129.35082159340246,35.60526029032599],[129.34934384295792,35.60524443217467],[129.35035404039496,35.610707210862536],[129.3512221406796,35.61743535933754],[129.3513062863336,35.6180874906431],[129.3510152018617,35.61989976393451],[129.35013463324938,35.62441997357176],[129.34976330663434,35.62526066594375],[129.34727559897814,35.628745934520715],[129.34671768717547,35.629527518716095],[129.3453245492139,35.63147910363946],[129.34529130485942,35.631516559153674],[129.3493467984121,35.63329016700666],[129.357662325085,35.64416452982734],[129.35943536774448,35.6474537371239],[129.3594999929665,35.64773051996766],[129.3595855622094,35.648096997040994],[129.3610554147345,35.65270163749242],[129.36122586451987,35.65316460829907],[129.3613424778123,35.65335307273411],[129.3614586814148,35.65345143287073],[129.3637615624664,35.654816524010684],[129.3640457495523,35.65482425022064],[129.36424555253038,35.65478933020975],[129.3648951876442,35.65461559954338],[129.36634050170323,35.6544168583659],[129.3665984025936,35.65443996253207],[129.36694242952123,35.65450746778752],[129.36778249970104,35.655102153932404],[129.36793036134773,35.655217577535225],[129.36811530063326,35.65538437045268],[129.36828485771218,35.655641351679414],[129.36844513993162,35.656168702182],[129.36853009614555,35.656450578973185],[129.36886639887723,35.657854468608676],[129.368992865322,35.65879067237674],[129.36904270093126,35.6589997539934],[129.3695352971471,35.65984518125974],[129.36995327372384,35.66040187310564],[129.3701046520843,35.660566723735194],[129.37205391290462,35.66198557217993],[129.37553477768205,35.66560320619496],[129.37635941650947,35.6659798972691],[129.3773728825607,35.666139424288836],[129.37709469543654,35.6651105116099],[129.37622772451644,35.66301600767513],[129.37594712310502,35.662691733009744],[129.37541990817425,35.66077501113362],[129.37535813672025,35.6603525086834],[129.37579560176886,35.65890442312594],[129.37708162422356,35.65694806873995],[129.37739500774072,35.6566067939574],[129.3782158268537,35.656318911376225],[129.3790761392422,35.656444001181974],[129.3798809505377,35.65647000965386],[129.3801770314605,35.656193275965734],[129.3805486519262,35.65576271966976],[129.3807457750209,35.655524330036755],[129.3804222258378,35.654921423304145],[129.38030315797607,35.65447674373461],[129.38028427333606,35.65418196765101],[129.3802776851218,35.654020300958805],[129.3810751339684,35.64967109798665],[129.38123160763084,35.649190938327436],[129.38149753233802,35.648548572236],[129.38178704777332,35.64814015665886],[129.3818932215478,35.647890692897285],[129.38192098205542,35.647473406370665],[129.38180638440625,35.64714643848024],[129.3815611512012,35.64685615175619],[129.38055888445834,35.64576123705071],[129.37937890451053,35.64468289915324],[129.37923514473252,35.644416343609564],[129.37774024021613,35.64029375977985],[129.3777186415833,35.63993615927365],[129.37777598005334,35.63941573536923],[129.3781288965654,35.63817906923569],[129.3783266513784,35.6377920888139],[129.37899087104856,35.637349265921046],[129.37906157143772,35.63730003923891],[129.3792590442439,35.636895022878996],[129.3810325889569,35.632678762636885],[129.38130802035522,35.6319300654147],[129.38142465184274,35.63131191553433],[129.38149950489523,35.63001373283863],[129.3812774760276,35.62941289498382],[129.38101721484978,35.629153595637725],[129.38065817104368,35.629073444167766],[129.38008034102256,35.62907525450386],[129.38001841886862,35.62862025148395],[129.37999726601223,35.628360193568206],[129.38035346644708,35.62783882972553],[129.38453462940515,35.627175311825255],[129.38569050296817,35.62722040346574],[129.38644780221188,35.62725051950627],[129.38690677959573,35.62739536030898],[129.3879042035326,35.627636027974255],[129.38844280487396,35.62776436044877],[129.38888146950032,35.627827969513184],[129.39116592325,35.627732878359595],[129.39160301194835,35.62747134427913],[129.39199930044092,35.62701484769329],[129.39243512225633,35.626493198083956],[129.39272860445934,35.62538674199818],[129.3929826237673,35.62436169527279],[129.39285888281188,35.62350045852422],[129.39267917444892,35.62341975784338],[129.39014654330657,35.62295647995657],[129.38801251106088,35.622508135914906],[129.38743300133578,35.62215232920385],[129.38564181503276,35.619412907327735],[129.38562010194175,35.61903905003152],[129.38629351006517,35.61820776969141],[129.38645226735875,35.618077208090774],[129.38693041056675,35.618075682456116],[129.38750620985095,35.61766739077195],[129.38925170142466,35.61606855950206],[129.3902418363691,35.61482979964579],[129.39055821014355,35.61434105518251],[129.3907549892878,35.613836433308265],[129.39035513575277,35.61175973509597],[129.39022308689832,35.61144363786337],[129.3901134965488,35.611212963357126],[129.38999648011176,35.61108759694076],[129.3890091483698,35.61014442549221],[129.38873271494768,35.610004303111346],[129.38844543021952,35.60990021704361],[129.38807195430215,35.609770140800556],[129.38624482720547,35.60936572981641],[129.3837046457089,35.608847099849555]]]]}},{"type":"Feature","properties":{"adm_nm":"울산광역시 북구 농소2동","adm_cd2":"3120052000","sgg":"31200","sido":"31","sidonm":"울산광역시","sggnm":"북구","adm_cd":"26040520"},"geometry":{"type":"MultiPolygon","coordinates":[[[[129.36455070753226,35.67876787715019],[129.36441003511553,35.67776152552833],[129.36440948624224,35.67763935883634],[129.36443688487088,35.67754268514764],[129.36469553420903,35.677012064469835],[129.367593994848,35.67453592185965],[129.3705324122858,35.67321585064138],[129.37059851440844,35.67320995172864],[129.37084534098543,35.67314953995133],[129.3717209426102,35.67283008568066],[129.37208220033756,35.672678401163715],[129.37235997778524,35.67253691276972],[129.37256826732641,35.67242262452099],[129.37266878705384,35.67233425186223],[129.3727066622906,35.67228255632058],[129.37282049594754,35.67211524761765],[129.37294030645634,35.67189585968153],[129.37301204728604,35.671734104452],[129.37336654086386,35.670801233905756],[129.37339947785503,35.670625616176395],[129.3734732648931,35.6698358249029],[129.37465418503638,35.669069661640364],[129.37765419323424,35.666672878994156],[129.3773728825607,35.666139424288836],[129.37635941650947,35.6659798972691],[129.37553477768205,35.66560320619496],[129.37205391290462,35.66198557217993],[129.3701046520843,35.660566723735194],[129.36995327372384,35.66040187310564],[129.3695352971471,35.65984518125974],[129.36904270093126,35.6589997539934],[129.368992865322,35.65879067237674],[129.36886639887723,35.657854468608676],[129.36853009614555,35.656450578973185],[129.36844513993162,35.656168702182],[129.36828485771218,35.655641351679414],[129.36811530063326,35.65538437045268],[129.36793036134773,35.655217577535225],[129.36778249970104,35.655102153932404],[129.36694242952123,35.65450746778752],[129.3665984025936,35.65443996253207],[129.36634050170323,35.6544168583659],[129.3648951876442,35.65461559954338],[129.36424555253038,35.65478933020975],[129.3640457495523,35.65482425022064],[129.3637615624664,35.654816524010684],[129.3614586814148,35.65345143287073],[129.3613424778123,35.65335307273411],[129.36122586451987,35.65316460829907],[129.3610554147345,35.65270163749242],[129.3595855622094,35.648096997040994],[129.3594999929665,35.64773051996766],[129.35943536774448,35.6474537371239],[129.357662325085,35.64416452982734],[129.3493467984121,35.63329016700666],[129.34529130485942,35.631516559153674],[129.3449554497428,35.63188948116991],[129.34182687134245,35.63536319307557],[129.3395752793248,35.639343024312204],[129.33717927399238,35.643577681553005],[129.33718837950912,35.645755002562325],[129.33718913444176,35.64593452701825],[129.33719184999353,35.64658488729798],[129.33716967988582,35.64710642279984],[129.33713906278143,35.64782664917735],[129.33697873914792,35.65159754846895],[129.336870844613,35.65190317039061],[129.33586820991738,35.654742999919975],[129.33414450232004,35.65962471438678],[129.33514957140667,35.66205636067771],[129.33549461368708,35.66246271064246],[129.33709058032287,35.66434219633932],[129.33727259042578,35.66474608307055],[129.33803586672894,35.66643984511111],[129.33720541987205,35.66890036370551],[129.33736461532894,35.6689217784093],[129.3375647061314,35.668966878321676],[129.33762270841666,35.66897995612201],[129.34161888115142,35.67083026193143],[129.34667863123656,35.674656707650925],[129.34752990828648,35.67558374528826],[129.34825760523978,35.676942330592745],[129.34841486908985,35.677089606464634],[129.3487918182535,35.67733282971759],[129.34923669169137,35.677546753625336],[129.35122927267517,35.678438468241154],[129.35388798057974,35.67955276533426],[129.3557135725488,35.67972165866312],[129.3562896628098,35.67971144974753],[129.3586098962238,35.67972583349411],[129.35925359484875,35.67967716262426],[129.3595350095075,35.67964656550059],[129.36001699758182,35.67958138819872],[129.36033480793242,35.67952942307388],[129.3606967510861,35.679434845671246],[129.36128252962052,35.67926308749977],[129.3618215124111,35.67911695854572],[129.3621965723701,35.6790435814339],[129.36258466950028,35.67897016547871],[129.36410442487943,35.67878417807218],[129.36455070753226,35.67876787715019]]]]}},{"type":"Feature","properties":{"adm_nm":"울산광역시 북구 농소3동","adm_cd2":"3120053000","sgg":"31200","sido":"31","sidonm":"울산광역시","sggnm":"북구","adm_cd":"26040530"},"geometry":{"type":"MultiPolygon","coordinates":[[[[129.34529130485942,35.631516559153674],[129.3453245492139,35.63147910363946],[129.34671768717547,35.629527518716095],[129.34727559897814,35.628745934520715],[129.34976330663434,35.62526066594375],[129.35013463324938,35.62441997357176],[129.3510152018617,35.61989976393451],[129.3513062863336,35.6180874906431],[129.3512221406796,35.61743535933754],[129.35035404039496,35.610707210862536],[129.34934384295792,35.60524443217467],[129.34901466230625,35.60240759219474],[129.34833995772289,35.59917381567552],[129.34843983338465,35.59528110229815],[129.3470944805197,35.59554732618431],[129.34135261418467,35.596405060004926],[129.3397759948565,35.596104135607035],[129.33912037273984,35.5959496662989],[129.33822407383823,35.595616665511926],[129.33724343612863,35.59466279326253],[129.33574211472654,35.593710357346175],[129.33496015428216,35.593553097522836],[129.33450035716498,35.593720194229526],[129.3327498475026,35.59435635713625],[129.33132141568566,35.59531687993282],[129.33093360207056,35.59600882715121],[129.33191873619458,35.598078791470364],[129.33103742535317,35.59908949201452],[129.32599329639294,35.59798859327026],[129.32495304458854,35.598363402009596],[129.3237825312743,35.598738552097664],[129.32260780229748,35.59805081549839],[129.32247418004945,35.597200848287144],[129.32249135207925,35.59713662932556],[129.3225987315401,35.59676558008379],[129.32197226731685,35.59522297280627],[129.32153522566617,35.59478001233177],[129.32134946286192,35.59459173188159],[129.31976483426425,35.59386176441248],[129.31892755824052,35.59388929360401],[129.31820735207745,35.59405727397198],[129.31762483904208,35.594382627940085],[129.31751316334024,35.59443211694545],[129.317358123579,35.59439738120634],[129.3142358090603,35.5925856977222],[129.31227651789544,35.59108011428073],[129.3119398310494,35.59079992345295],[129.31174117516068,35.59061072706516],[129.3116803454596,35.59045630357798],[129.31169695657732,35.590301682951974],[129.31151535575418,35.590070283369805],[129.31056561657505,35.589250642764895],[129.31035879765537,35.58917388300669],[129.31018650133043,35.58912514602857],[129.30970430639834,35.58904205098271],[129.30918782563737,35.58900120692052],[129.307337908639,35.58904809120678],[129.30723474785995,35.58907644499774],[129.30563032072948,35.59033119383333],[129.3047473233767,35.59145763634766],[129.30430260061706,35.59218949270631],[129.30420880573038,35.59242159558],[129.30325633109138,35.59314770552022],[129.30307610299843,35.593281644732386],[129.30288715137132,35.59338048860429],[129.30268946391718,35.5934442210501],[129.30141665189282,35.59366520954632],[129.30107239680353,35.593659058556206],[129.29827330808416,35.59304765793649],[129.2946694842308,35.59238978488755],[129.29434810531092,35.59238499751417],[129.2934593625986,35.59243180787707],[129.2933773836764,35.59245432726843],[129.29012851809395,35.59482740188277],[129.28947295603658,35.59543047270178],[129.28953770778094,35.59618978047934],[129.29009988111395,35.59727701741874],[129.2914057213644,35.59815994498208],[129.29159227222152,35.59828607986424],[129.29280940654837,35.600359040561464],[129.2928550430372,35.60053038143342],[129.2929037336328,35.60071323239624],[129.2929069456941,35.60159928596731],[129.29304509684107,35.60255171427897],[129.29607509265244,35.607188056904604],[129.2965252820174,35.607674881497715],[129.29742295351443,35.607916652894204],[129.298471243785,35.60846299297733],[129.2990706897274,35.60888845910002],[129.29937164949646,35.60943663475325],[129.3001366673176,35.6141920444398],[129.29991450099482,35.61474152413764],[129.29782968933415,35.616881360923095],[129.2966351859234,35.61725024415045],[129.295367039256,35.617924257865404],[129.2946216299049,35.61847498051779],[129.29455467537954,35.62060984428617],[129.29465251534856,35.62582750807814],[129.29570303208013,35.62692279373662],[129.29652639514256,35.62722573801306],[129.296976686341,35.627712567113285],[129.2975789725138,35.628869901168635],[129.29825984946078,35.63106391623291],[129.29819005793834,35.6324058834966],[129.2978192020415,35.633199677338986],[129.2969993618994,35.633872596820005],[129.29680751606176,35.634937847020744],[129.29677958461926,35.635092950434455],[129.29619360396077,35.63838790170142],[129.29621332505218,35.638906167808024],[129.29664108686683,35.64191601560075],[129.29712055001406,35.642788988047876],[129.29580796064099,35.6443030989463],[129.29589945885644,35.64472789984416],[129.29655288587983,35.64636302621305],[129.29659015535057,35.6464269294759],[129.296721137517,35.64651192870799],[129.29694369297462,35.64662870228849],[129.29740267672938,35.646856482416794],[129.29887934874913,35.64749295585125],[129.29937204126986,35.64769877068462],[129.3003874588618,35.64808377175616],[129.30060574286014,35.64815836954059],[129.300674682921,35.64818089573041],[129.300990726626,35.648195711603655],[129.301618550193,35.648223927991964],[129.30230173744692,35.64823215183955],[129.3026153546872,35.648232797480055],[129.30269956358626,35.64825242184932],[129.30273794711346,35.64828636661288],[129.3027724853046,35.648318904897764],[129.30278790519233,35.64834722461808],[129.30343649529803,35.65460117115714],[129.30361681348234,35.65638797637826],[129.30344243660693,35.656829243117286],[129.3034643672297,35.656899871797684],[129.30357010391245,35.656968549059926],[129.3107529398917,35.660225843951004],[129.3108263905292,35.660253569122595],[129.31088621612994,35.660251341319324],[129.31105620751424,35.660245006870085],[129.31545948897178,35.65956936526027],[129.31878926161548,35.658414450593206],[129.32129730105552,35.65868923059349],[129.32399437098928,35.659210286292954],[129.32525479551754,35.66123488287674],[129.3253395148095,35.66148303370723],[129.32548101585417,35.66169773792088],[129.32597878073952,35.66224436096684],[129.3260167658402,35.66228598028628],[129.33020122032255,35.66552833283447],[129.3305034706079,35.66574258974816],[129.33067134244388,35.66584968229568],[129.33412842111295,35.66779131965625],[129.33441699205645,35.6679339067167],[129.33463845348172,35.668040842179586],[129.33509138179588,35.66824700208703],[129.33529938161487,35.66833860245225],[129.33617465598297,35.66864088751394],[129.3365032498247,35.66874238813669],[129.3368753691589,35.66884121964461],[129.33713008193413,35.668891721493566],[129.33720541987205,35.66890036370551],[129.33803586672894,35.66643984511111],[129.33727259042578,35.66474608307055],[129.33709058032287,35.66434219633932],[129.33549461368708,35.66246271064246],[129.33514957140667,35.66205636067771],[129.33414450232004,35.65962471438678],[129.33586820991738,35.654742999919975],[129.336870844613,35.65190317039061],[129.33697873914792,35.65159754846895],[129.33713906278143,35.64782664917735],[129.33716967988582,35.64710642279984],[129.33719184999353,35.64658488729798],[129.33718913444176,35.64593452701825],[129.33718837950912,35.645755002562325],[129.33717927399238,35.643577681553005],[129.3395752793248,35.639343024312204],[129.34182687134245,35.63536319307557],[129.3449554497428,35.63188948116991],[129.34529130485942,35.631516559153674]]]]}},{"type":"Feature","properties":{"adm_nm":"울산광역시 북구 강동동","adm_cd2":"3120054000","sgg":"31200","sido":"31","sidonm":"울산광역시","sggnm":"북구","adm_cd":"26040540"},"geometry":{"type":"MultiPolygon","coordinates":[[[[129.45000815531807,35.65094846895011],[129.4494908164793,35.65032372096553],[129.44896547460715,35.64959545174394],[129.44893634717965,35.64955002357898],[129.44890696162983,35.64949787996412],[129.44884276871204,35.64931649318028],[129.44883486474612,35.64926970006675],[129.44882828050987,35.64916399019604],[129.44882390224546,35.64908647802161],[129.44884281003675,35.64887121801384],[129.44884121712198,35.648586553259975],[129.44843697291813,35.64761425056351],[129.4483940817931,35.647550400593964],[129.44604845575108,35.64602872790507],[129.44578970907895,35.645995098115904],[129.4443905678823,35.64603458160433],[129.44282097148067,35.645852678022536],[129.44278520708104,35.64584391668814],[129.44264010625142,35.64578952869965],[129.44249715655369,35.645716786851],[129.44235281104824,35.64562388050138],[129.44218973629268,35.64549042552067],[129.44207986320603,35.64539422405618],[129.44201741448737,35.645336653153144],[129.44194223988384,35.64524751570098],[129.4418827691525,35.64517412529532],[129.44183397152048,35.64510931339279],[129.4418089551891,35.64506754650507],[129.44158637214457,35.644611947200204],[129.44155320866443,35.64453325087023],[129.44152514759247,35.64445295866645],[129.44143340057948,35.64406375808115],[129.44134185522887,35.64363036626681],[129.4412985355399,35.64337450065096],[129.4412549286334,35.643080553882804],[129.4412508650307,35.64297272388591],[129.44125034657395,35.64160626323953],[129.44127298571956,35.64125330113644],[129.4413686889671,35.640402600970475],[129.4408126760346,35.63247165529248],[129.44080472587729,35.63243573045057],[129.4408129706256,35.63239132307883],[129.44124277624454,35.63069885247097],[129.44128209385136,35.63054605205264],[129.4413784196246,35.630261521195294],[129.4414646955747,35.63002963027335],[129.4416131572483,35.62965308997225],[129.44332939497787,35.625645058383],[129.44338505184876,35.625527684198936],[129.44362050826788,35.62512611602385],[129.44378711375762,35.62489560439155],[129.44408316893467,35.62450441321763],[129.44419342009328,35.624369288817725],[129.44487965068487,35.623537272677076],[129.44528414996512,35.62312719193146],[129.44616897520078,35.62230006413794],[129.44641536129512,35.62208080475925],[129.45061569093963,35.61802914141414],[129.44976320329954,35.616840046388766],[129.449717979938,35.61573261551569],[129.44995095138592,35.61493174207309],[129.4499972729703,35.61481672828185],[129.45040986056628,35.614477130187524],[129.45047084535005,35.614446528012365],[129.45057187187655,35.61441098899684],[129.45188411517822,35.61396454801962],[129.45318696176747,35.61368923038752],[129.45326428796974,35.61367868934848],[129.45334494781937,35.613678393633236],[129.45533109157995,35.61380592837471],[129.45694902825454,35.61393521235472],[129.4575562240453,35.61120236354892],[129.45732331430904,35.61070488127341],[129.45737469985724,35.60960278206543],[129.45746287093033,35.60888338438015],[129.45778737562011,35.608126586994906],[129.458458340245,35.607164960145234],[129.45860786225995,35.60697192407149],[129.45907209907992,35.60649711203011],[129.45964189273457,35.606531394288595],[129.4597229280822,35.606546157477744],[129.45980163354375,35.60671668326579],[129.4601176730564,35.60750120771289],[129.46031279726898,35.60803063874952],[129.46035721184109,35.608164967834085],[129.46040071610597,35.60820250697773],[129.46046837012383,35.60820186383209],[129.46050145399263,35.6081744170303],[129.46130523280493,35.6073219533063],[129.4614922767793,35.60689717546086],[129.4624859009396,35.60441264631506],[129.46359894197371,35.60147550073196],[129.46437468431702,35.59935319097199],[129.46437989903075,35.59932165051263],[129.46437756205526,35.59928325932675],[129.46431989795371,35.59906720467496],[129.4642918076187,35.59898125201141],[129.46423655877214,35.59886809640469],[129.46374578705303,35.59807496165409],[129.4626476262869,35.59338750046216],[129.4626281591741,35.59328990567207],[129.4626198750316,35.59316000884045],[129.46262536605917,35.593097370853876],[129.4640727803203,35.587861954233645],[129.4646880581494,35.58710749515888],[129.46480721401366,35.58712555779014],[129.46492212350378,35.58711102969411],[129.46500774046984,35.587040440868265],[129.46506451441644,35.586937106334375],[129.46516461421473,35.58665421340181],[129.46517134946762,35.586602474658314],[129.46506116956888,35.58588750086644],[129.46500380742827,35.58581331483548],[129.46494657308133,35.585776276850574],[129.4640653440943,35.5853702010934],[129.46399147583773,35.585338385645265],[129.46152883048063,35.584388128225655],[129.46084626205783,35.584197930562205],[129.46076350689899,35.58418149912554],[129.4606962936803,35.584183323108164],[129.4602370397026,35.584219039203596],[129.46016911635544,35.58423356284907],[129.46009993673175,35.58425983972306],[129.45924429378275,35.584602095307226],[129.45917664257664,35.5846454705177],[129.45905971313528,35.584729814420236],[129.4589931024585,35.58480915449472],[129.4589062194927,35.584945629419174],[129.45882036316692,35.58504272153326],[129.45876272592471,35.58510012309242],[129.45870483225386,35.58513640248591],[129.45865077839505,35.585152227834286],[129.45853600133938,35.58514870904655],[129.45840911426632,35.58513905405383],[129.45828472199335,35.58512530439889],[129.4581181708034,35.58509754646864],[129.4579216746302,35.585048869148],[129.4575699343047,35.584914654977275],[129.4573515599048,35.58473757478966],[129.45367072904196,35.58031459027676],[129.4535830006388,35.58020742046405],[129.4534766114677,35.580068878474194],[129.45333970662534,35.57988351112833],[129.45320496996632,35.57969942643973],[129.45288657817142,35.57905670099589],[129.45283715241823,35.57894844733686],[129.45279356456336,35.57884638601426],[129.45276008805345,35.578765636035406],[129.45267713435268,35.578514866843726],[129.45263630993685,35.57832563192695],[129.45264706906582,35.57819202484153],[129.45277902361534,35.5776111658716],[129.45288543987968,35.57747354563898],[129.45304713022182,35.57733481127688],[129.45280694903363,35.57268315034416],[129.4517953975988,35.571895659010075],[129.44953130226023,35.57032948692143],[129.445036788648,35.56733030326802],[129.44484113026905,35.567411100009224],[129.44474497353883,35.56775840474268],[129.44396217800778,35.568054839791216],[129.4408260623796,35.56835989539009],[129.44069532458258,35.568360362836636],[129.44036833467953,35.56833487203637],[129.43997583760594,35.568282915981605],[129.43828303424888,35.567875521429215],[129.43765103849023,35.567517381275415],[129.4368001020915,35.566935274191884],[129.4349362491701,35.56678186790489],[129.43305485806567,35.5669681582187],[129.43158493079494,35.56713354087857],[129.4301145808464,35.56721884277452],[129.42916487686364,35.567061109610776],[129.42873457642284,35.566234320702655],[129.42847114318494,35.56570323165005],[129.42716311950508,35.56536110954818],[129.42201052203603,35.56430831361685],[129.41721674020715,35.563340798927804],[129.41623351419602,35.56281041638748],[129.41339348669197,35.56097305119993],[129.41234590431085,35.56062968319848],[129.41210446303805,35.56070384957024],[129.411675335186,35.561166085809354],[129.41095771744818,35.56153961003231],[129.40833051136497,35.561808441735764],[129.40772398621684,35.561686784057066],[129.40662391658242,35.561319385857416],[129.40518211363198,35.56076758576677],[129.4043870352572,35.56080116709423],[129.40348081020932,35.561329910118445],[129.4027275950602,35.56216738297718],[129.40002704198207,35.56743344418609],[129.39961596334058,35.56854807262215],[129.39787704038238,35.569203222988364],[129.39688623154026,35.56945533423561],[129.39595959087282,35.569913437108475],[129.39535088709482,35.570262146707655],[129.3953528959778,35.570673870784454],[129.39585927140325,35.57110562023262],[129.39665716253018,35.57144972651093],[129.3971878581297,35.57142631604702],[129.3977980575816,35.57138096366422],[129.3984890506213,35.57157372986804],[129.39926181587592,35.57219962042739],[129.39939612887613,35.572524216916705],[129.399703580174,35.57405451183712],[129.40033550373957,35.578386431364116],[129.39836644587547,35.5827702747373],[129.397019979157,35.584243769462624],[129.39694300264443,35.5847857671812],[129.39689417502507,35.58565273644029],[129.39776004616297,35.588987066549265],[129.3984031260434,35.59019846501388],[129.3976376240715,35.59320286730088],[129.39770596905598,35.59612980530893],[129.39753141942526,35.59700815085811],[129.3974299375881,35.59720531037504],[129.39733303106047,35.59727547637927],[129.39705479221843,35.59746083756414],[129.3961810339213,35.59771147723075],[129.39456079176975,35.598678746253285],[129.393281987735,35.60009670529558],[129.39315827379514,35.600359469923895],[129.39300182070724,35.60123449853136],[129.39300345498245,35.60156971788809],[129.39314509903616,35.60175117869974],[129.39321909800253,35.601845957302615],[129.39363095182642,35.60207780930296],[129.3937923780309,35.602223036502636],[129.3939901656307,35.6024993216529],[129.39436973755986,35.60343089801015],[129.394352941909,35.603649601315546],[129.39378814593542,35.60595272852594],[129.39363019846044,35.60652167682426],[129.39336230982622,35.60652254953162],[129.39266568860793,35.606495652213034],[129.39205807290375,35.606410172018435],[129.39141425164064,35.60622277989393],[129.39059156372088,35.605977663553965],[129.38984129488728,35.60593635471381],[129.38533000643667,35.6073937667009],[129.38495573579692,35.60755528688079],[129.3837046457089,35.608847099849555],[129.38624482720547,35.60936572981641],[129.38807195430215,35.609770140800556],[129.38844543021952,35.60990021704361],[129.38873271494768,35.610004303111346],[129.3890091483698,35.61014442549221],[129.38999648011176,35.61108759694076],[129.3901134965488,35.611212963357126],[129.39022308689832,35.61144363786337],[129.39035513575277,35.61175973509597],[129.3907549892878,35.613836433308265],[129.39055821014355,35.61434105518251],[129.3902418363691,35.61482979964579],[129.38925170142466,35.61606855950206],[129.38750620985095,35.61766739077195],[129.38693041056675,35.618075682456116],[129.38645226735875,35.618077208090774],[129.38629351006517,35.61820776969141],[129.38562010194175,35.61903905003152],[129.38564181503276,35.619412907327735],[129.38743300133578,35.62215232920385],[129.38801251106088,35.622508135914906],[129.39014654330657,35.62295647995657],[129.39267917444892,35.62341975784338],[129.39285888281188,35.62350045852422],[129.3929826237673,35.62436169527279],[129.39272860445934,35.62538674199818],[129.39243512225633,35.626493198083956],[129.39199930044092,35.62701484769329],[129.39160301194835,35.62747134427913],[129.39116592325,35.627732878359595],[129.38888146950032,35.627827969513184],[129.38844280487396,35.62776436044877],[129.3879042035326,35.627636027974255],[129.38690677959573,35.62739536030898],[129.38644780221188,35.62725051950627],[129.38569050296817,35.62722040346574],[129.38453462940515,35.627175311825255],[129.38035346644708,35.62783882972553],[129.37999726601223,35.628360193568206],[129.38001841886862,35.62862025148395],[129.38008034102256,35.62907525450386],[129.38065817104368,35.629073444167766],[129.38101721484978,35.629153595637725],[129.3812774760276,35.62941289498382],[129.38149950489523,35.63001373283863],[129.38142465184274,35.63131191553433],[129.38130802035522,35.6319300654147],[129.3810325889569,35.632678762636885],[129.3792590442439,35.636895022878996],[129.37906157143772,35.63730003923891],[129.37899087104856,35.637349265921046],[129.3783266513784,35.6377920888139],[129.3781288965654,35.63817906923569],[129.37777598005334,35.63941573536923],[129.3777186415833,35.63993615927365],[129.37774024021613,35.64029375977985],[129.37923514473252,35.644416343609564],[129.37937890451053,35.64468289915324],[129.38055888445834,35.64576123705071],[129.3815611512012,35.64685615175619],[129.38180638440625,35.64714643848024],[129.38192098205542,35.647473406370665],[129.3818932215478,35.647890692897285],[129.38178704777332,35.64814015665886],[129.38149753233802,35.648548572236],[129.38123160763084,35.649190938327436],[129.3810751339684,35.64967109798665],[129.3802776851218,35.654020300958805],[129.38028427333606,35.65418196765101],[129.38030315797607,35.65447674373461],[129.3804222258378,35.654921423304145],[129.3807457750209,35.655524330036755],[129.3805486519262,35.65576271966976],[129.3801770314605,35.656193275965734],[129.3798809505377,35.65647000965386],[129.3790761392422,35.656444001181974],[129.3782158268537,35.656318911376225],[129.37739500774072,35.6566067939574],[129.37708162422356,35.65694806873995],[129.37579560176886,35.65890442312594],[129.37535813672025,35.6603525086834],[129.37541990817425,35.66077501113362],[129.37594712310502,35.662691733009744],[129.37622772451644,35.66301600767513],[129.37709469543654,35.6651105116099],[129.3773728825607,35.666139424288836],[129.37765419323424,35.666672878994156],[129.37465418503638,35.669069661640364],[129.3734732648931,35.6698358249029],[129.37374538735202,35.669812395638],[129.373910590372,35.66980462501627],[129.3741149146083,35.66980037749882],[129.37439921590607,35.66979949538078],[129.37630948703645,35.66981532195088],[129.37642146758097,35.66982367303821],[129.37843153157942,35.67028013768091],[129.37931098308917,35.6706269628117],[129.3796421934004,35.670776781234494],[129.37995541120185,35.67087732137357],[129.3802613961095,35.67095324947845],[129.3806597899028,35.67102741118904],[129.38098696906087,35.67107571285938],[129.38121787673575,35.67105611910163],[129.38150560363573,35.67102620540616],[129.38181801538215,35.6709555915139],[129.38240006544393,35.670789835483696],[129.38538246650026,35.670192889769176],[129.39112867584961,35.668657165443676],[129.39156172271808,35.66855276813412],[129.39383717029338,35.66803767872782],[129.3939437065001,35.66802137773253],[129.39488500749474,35.66793127604316],[129.39506982222292,35.66793502133857],[129.39534359381656,35.66796313915722],[129.3962112740453,35.66807490193305],[129.39868030118163,35.66779925240254],[129.3990092036743,35.66775071075586],[129.39993168011807,35.667544267770104],[129.4002113397425,35.667447951546855],[129.40046192216263,35.667324411879555],[129.40068798428425,35.66720095237181],[129.40080058004617,35.66711004558345],[129.40087365963277,35.66701209379024],[129.40115006729934,35.666591500664914],[129.4013780986108,35.66621805333148],[129.40241506144838,35.66438143388223],[129.40303567966308,35.66324908227609],[129.40310257860517,35.66314412407779],[129.4032818407116,35.662988102489614],[129.4034255647492,35.662919434789096],[129.403590961691,35.66289844357222],[129.40594799943227,35.66284314079568],[129.4063058204889,35.662857152515585],[129.40647779905657,35.662875457879245],[129.40670425479254,35.66292468916058],[129.4069161405785,35.66300351304391],[129.40707804593274,35.66310270137955],[129.40886407266711,35.663555108460365],[129.41048632352098,35.66392411000038],[129.41072872376694,35.66397329150677],[129.41104022242857,35.66403108364236],[129.4113437497355,35.6640459521163],[129.41241649593502,35.664023967871145],[129.41263409283587,35.66401868072863],[129.4128590355426,35.66396782911516],[129.41301499495782,35.66389685427625],[129.41324402090166,35.6637324557183],[129.41342097421952,35.66357051072229],[129.41360587702155,35.66334076479981],[129.41369721451605,35.663222281426236],[129.4138998210159,35.66300238358167],[129.41419879049437,35.66272639450053],[129.41485363905323,35.66216562636771],[129.4150023168434,35.66203841316189],[129.41740160234906,35.6605417411347],[129.41754528597076,35.660466265656645],[129.41786061113783,35.66039699382902],[129.41811389164738,35.66037344044007],[129.41835908370837,35.66037259033288],[129.42141315423711,35.65937424596613],[129.42158420760023,35.659264581919025],[129.42459717382138,35.65764158235444],[129.4283882828888,35.65593554652776],[129.43137078639452,35.65652664532797],[129.43159664025458,35.656607774419896],[129.4317210644874,35.65663159096749],[129.43207439483692,35.656644872738674],[129.43269594170133,35.65665720130316],[129.43273226812863,35.65664388920818],[129.43282990535715,35.65655137852858],[129.43297908546438,35.65631314436198],[129.43341016143762,35.65497276141159],[129.43368422459073,35.65408820743934],[129.43396170386455,35.65338383635347],[129.43411774016056,35.65320378580548],[129.43513611343795,35.65222274237654],[129.43517702046182,35.65218463735037],[129.43520773035934,35.652209092191065],[129.4361049519366,35.6530314865603],[129.43632272141338,35.65332183792655],[129.43646874046308,35.6536668963043],[129.43662783392847,35.65393103915492],[129.436822753675,35.65415826404331],[129.43703762583175,35.65432659481128],[129.43728155793698,35.65445440841227],[129.43741703505023,35.65451642173909],[129.43898654275523,35.65466880627947],[129.4391441575858,35.654660887600755],[129.44284302789544,35.654375329553346],[129.44295104735474,35.65436022005865],[129.4446398395774,35.653883436059985],[129.44471171311494,35.65384640073462],[129.44510438776015,35.653584854776526],[129.44659043837842,35.65258078023773],[129.44685469132585,35.65237083498721],[129.44715602313968,35.6521288603402],[129.44743387030292,35.6518482164023],[129.44770038769062,35.65158048130325],[129.44790491230523,35.651420550408815],[129.44834672358274,35.65117293015442],[129.44858857542437,35.65109969951574],[129.44879515728584,35.65105551430616],[129.45000815531807,35.65094846895011]]]]}},{"type":"Feature","properties":{"adm_nm":"울산광역시 북구 효문동","adm_cd2":"3120056000","sgg":"31200","sido":"31","sidonm":"울산광역시","sggnm":"북구","adm_cd":"26040560"},"geometry":{"type":"MultiPolygon","coordinates":[[[[129.39787704038238,35.569203222988364],[129.39647454632902,35.56896041654036],[129.39465469864436,35.56856435618225],[129.3936668543566,35.56791816991373],[129.3935819835048,35.567856297597785],[129.39290671122552,35.5673640011553],[129.39252573922644,35.56690137438396],[129.39255986276413,35.5661281699092],[129.39134168860315,35.56483328870444],[129.3894846974468,35.56456095978461],[129.38483849435934,35.56305363891949],[129.38443719883188,35.562855115641],[129.38426503158698,35.562758640551266],[129.3841549270695,35.56261756322773],[129.3839870859735,35.562290956098835],[129.3838351307028,35.56169612193933],[129.38155216708864,35.559782406394746],[129.38136732134072,35.5596623252399],[129.3781799117319,35.559989761148536],[129.37657555740475,35.55926406483269],[129.37515882122395,35.55961865573943],[129.3745345598909,35.55978778640883],[129.37284634883738,35.557408906844294],[129.37137408565687,35.555943151490965],[129.3718520423244,35.55382031777578],[129.37309994754247,35.54976597843451],[129.37749599897023,35.54711208404909],[129.3780011959873,35.54553256885161],[129.37890417141986,35.543782468296484],[129.37761412805534,35.541900060182954],[129.37802019905502,35.53875978795236],[129.3794154896946,35.536936024431206],[129.37468010731445,35.539399388964355],[129.36931273697124,35.543556870775],[129.36460628002214,35.543159666782145],[129.35999326736064,35.54459722081886],[129.35904476553983,35.54503041558567],[129.35798347903412,35.545621767413195],[129.35404650538004,35.548023249427516],[129.35272399052238,35.548949928124124],[129.35158254404473,35.55127249233518],[129.35083234306728,35.55279890964753],[129.3499166932491,35.55581371878397],[129.35006318792816,35.55696883573267],[129.35013647923932,35.55754669041409],[129.35057389988702,35.5580082488241],[129.35122101767664,35.558691044016776],[129.35294939045724,35.56068600774142],[129.35299158107125,35.56073778892101],[129.35376911820154,35.56169210118301],[129.35335675196188,35.564488759688714],[129.3533069025004,35.5646305217955],[129.35191501211096,35.56858861373018],[129.35204412851397,35.569833616422216],[129.35228749273827,35.57217980566842],[129.35154879634104,35.57654264441592],[129.35212160417848,35.577145894881355],[129.3545682474831,35.579290044545004],[129.35624406695666,35.58070615509936],[129.35653245197435,35.5809625081131],[129.35761660674,35.58227982725873],[129.3588456085893,35.585693284297776],[129.3626426262247,35.58823668531046],[129.3631333465385,35.588246814398815],[129.37040839090392,35.5884675083626],[129.37193955711618,35.5889062361686],[129.37449017911098,35.58962076072444],[129.3831752522092,35.59098264506696],[129.38390341262593,35.591024355123416],[129.38589759983418,35.590819935774384],[129.38737961502454,35.590639137165546],[129.38989018644534,35.59129133544893],[129.39156467221233,35.591880153568816],[129.39361685636086,35.5925117523856],[129.3967748331625,35.59320570814514],[129.3976376240715,35.59320286730088],[129.3984031260434,35.59019846501388],[129.39776004616297,35.588987066549265],[129.39689417502507,35.58565273644029],[129.39694300264443,35.5847857671812],[129.397019979157,35.584243769462624],[129.39836644587547,35.5827702747373],[129.40033550373957,35.578386431364116],[129.399703580174,35.57405451183712],[129.39939612887613,35.572524216916705],[129.39926181587592,35.57219962042739],[129.3984890506213,35.57157372986804],[129.3977980575816,35.57138096366422],[129.3971878581297,35.57142631604702],[129.39665716253018,35.57144972651093],[129.39585927140325,35.57110562023262],[129.3953528959778,35.570673870784454],[129.39535088709482,35.570262146707655],[129.39595959087282,35.569913437108475],[129.39688623154026,35.56945533423561],[129.39787704038238,35.569203222988364]]]]}},{"type":"Feature","properties":{"adm_nm":"울산광역시 북구 송정동","adm_cd2":"3120057000","sgg":"31200","sido":"31","sidonm":"울산광역시","sggnm":"북구","adm_cd":"26040570"},"geometry":{"type":"MultiPolygon","coordinates":[[[[129.3837046457089,35.608847099849555],[129.38495573579692,35.60755528688079],[129.38533000643667,35.6073937667009],[129.38984129488728,35.60593635471381],[129.39059156372088,35.605977663553965],[129.39141425164064,35.60622277989393],[129.39205807290375,35.606410172018435],[129.39266568860793,35.606495652213034],[129.39336230982622,35.60652254953162],[129.39363019846044,35.60652167682426],[129.39378814593542,35.60595272852594],[129.394352941909,35.603649601315546],[129.39436973755986,35.60343089801015],[129.3939901656307,35.6024993216529],[129.3937923780309,35.602223036502636],[129.39363095182642,35.60207780930296],[129.39321909800253,35.601845957302615],[129.39314509903616,35.60175117869974],[129.39300345498245,35.60156971788809],[129.39300182070724,35.60123449853136],[129.39315827379514,35.600359469923895],[129.393281987735,35.60009670529558],[129.39456079176975,35.598678746253285],[129.3961810339213,35.59771147723075],[129.39705479221843,35.59746083756414],[129.39733303106047,35.59727547637927],[129.3974299375881,35.59720531037504],[129.39753141942526,35.59700815085811],[129.39770596905598,35.59612980530893],[129.3976376240715,35.59320286730088],[129.3967748331625,35.59320570814514],[129.39361685636086,35.5925117523856],[129.39156467221233,35.591880153568816],[129.38989018644534,35.59129133544893],[129.38737961502454,35.590639137165546],[129.38589759983418,35.590819935774384],[129.38390341262593,35.591024355123416],[129.3831752522092,35.59098264506696],[129.37449017911098,35.58962076072444],[129.37193955711618,35.5889062361686],[129.37040839090392,35.5884675083626],[129.3631333465385,35.588246814398815],[129.3626426262247,35.58823668531046],[129.3588456085893,35.585693284297776],[129.35761660674,35.58227982725873],[129.35653245197435,35.5809625081131],[129.35624406695666,35.58070615509936],[129.3545682474831,35.579290044545004],[129.35212160417848,35.577145894881355],[129.35154879634104,35.57654264441592],[129.35038033787507,35.57918439185238],[129.34929722387568,35.58065140929567],[129.34927941890027,35.58067552463897],[129.34916001326135,35.581201272733935],[129.34808899774822,35.58591703844877],[129.3481333847571,35.586459070215774],[129.34833254025955,35.588891273416316],[129.34859579288366,35.592106018804294],[129.34843983338465,35.59528110229815],[129.34833995772289,35.59917381567552],[129.34901466230625,35.60240759219474],[129.34934384295792,35.60524443217467],[129.35082159340246,35.60526029032599],[129.35327338603113,35.60528656230252],[129.35387392986405,35.60572101943259],[129.3561433669931,35.60647424181681],[129.3679344087797,35.6091243951983],[129.373915448336,35.609983425186556],[129.37922432410681,35.610958001187015],[129.37977818350464,35.61099999240983],[129.38006371971693,35.61095537802716],[129.38234188670273,35.60996849847479],[129.3837046457089,35.608847099849555]]]]}},{"type":"Feature","properties":{"adm_nm":"울산광역시 북구 양정동","adm_cd2":"3120058000","sgg":"31200","sido":"31","sidonm":"울산광역시","sggnm":"북구","adm_cd":"26040580"},"geometry":{"type":"MultiPolygon","coordinates":[[[[129.41210446303805,35.56070384957024],[129.41371971277266,35.55906631915669],[129.41154251688374,35.55739378186913],[129.40805282707203,35.55623048078127],[129.4074840496763,35.556077779986495],[129.40600555713067,35.55574257663026],[129.40528640597947,35.55580683043446],[129.40407376387006,35.55562534298823],[129.40304983049998,35.555319518545055],[129.40081130154638,35.55443015020482],[129.3973196028608,35.55280267092741],[129.39663409244017,35.552000884897865],[129.3964815773757,35.55178492137742],[129.39621137649473,35.55073438420094],[129.39611060003458,35.54913988944746],[129.39640956847148,35.548334879795405],[129.39663477042563,35.54793212407282],[129.39641324365923,35.54664785842113],[129.39570660212354,35.544915031506896],[129.39525168215152,35.54418808469677],[129.39377835568692,35.54233693183839],[129.39125949088378,35.54037315426866],[129.39148155543253,35.53932101868209],[129.3913005949904,35.537884590070995],[129.3871081934419,35.5351124844437],[129.38517010472444,35.535171628105616],[129.38302031192273,35.5332757358493],[129.37891538179952,35.53604280956944],[129.3794154896946,35.536936024431206],[129.37802019905502,35.53875978795236],[129.37761412805534,35.541900060182954],[129.37890417141986,35.543782468296484],[129.3780011959873,35.54553256885161],[129.37749599897023,35.54711208404909],[129.37309994754247,35.54976597843451],[129.3718520423244,35.55382031777578],[129.37137408565687,35.555943151490965],[129.37284634883738,35.557408906844294],[129.3745345598909,35.55978778640883],[129.37515882122395,35.55961865573943],[129.37657555740475,35.55926406483269],[129.3781799117319,35.559989761148536],[129.38136732134072,35.5596623252399],[129.38155216708864,35.559782406394746],[129.3838351307028,35.56169612193933],[129.3839870859735,35.562290956098835],[129.3841549270695,35.56261756322773],[129.38426503158698,35.562758640551266],[129.38443719883188,35.562855115641],[129.38483849435934,35.56305363891949],[129.3894846974468,35.56456095978461],[129.39134168860315,35.56483328870444],[129.39255986276413,35.5661281699092],[129.39252573922644,35.56690137438396],[129.39290671122552,35.5673640011553],[129.3935819835048,35.567856297597785],[129.3936668543566,35.56791816991373],[129.39465469864436,35.56856435618225],[129.39647454632902,35.56896041654036],[129.39787704038238,35.569203222988364],[129.39961596334058,35.56854807262215],[129.40002704198207,35.56743344418609],[129.4027275950602,35.56216738297718],[129.40348081020932,35.561329910118445],[129.4043870352572,35.56080116709423],[129.40518211363198,35.56076758576677],[129.40662391658242,35.561319385857416],[129.40772398621684,35.561686784057066],[129.40833051136497,35.561808441735764],[129.41095771744818,35.56153961003231],[129.411675335186,35.561166085809354],[129.41210446303805,35.56070384957024]]]]}},{"type":"Feature","properties":{"adm_nm":"울산광역시 북구 염포동","adm_cd2":"3120059000","sgg":"31200","sido":"31","sidonm":"울산광역시","sggnm":"북구","adm_cd":"26040590"},"geometry":{"type":"MultiPolygon","coordinates":[[[[129.4084400840918,35.54532239007117],[129.40759755246413,35.54314197647652],[129.40635582344896,35.5422639938036],[129.40597287623137,35.54199712530239],[129.4056699879307,35.54176620031023],[129.40565684114333,35.54173235125901],[129.40562503040977,35.54165038848086],[129.40550526682676,35.54077380199468],[129.40564230201298,35.53973289823776],[129.40574751070946,35.539478881687096],[129.40605635463837,35.539129944958276],[129.40632122468614,35.538860879807686],[129.4064353147011,35.538606826808305],[129.40653172197898,35.53836732590437],[129.4065840906705,35.538193202259905],[129.40664467964774,35.53788858980103],[129.40669657500405,35.537507388085274],[129.40665128641803,35.537326336581415],[129.4059029951205,35.53501949936088],[129.4049769433267,35.533997234093],[129.40424555779126,35.53338911784884],[129.40353287966278,35.53268701931444],[129.40258764851893,35.53146903628071],[129.40258390837573,35.530717599490195],[129.40264078152876,35.53059215586172],[129.40492793680895,35.52772734583864],[129.40531044526492,35.527369432968996],[129.4062047327615,35.526532648293546],[129.4091178334492,35.525194439239854],[129.41040539884736,35.52423199802435],[129.40936894650648,35.5213514668227],[129.4097057477958,35.51938742223322],[129.40923561711148,35.51724028409251],[129.4090131197852,35.516570499386766],[129.4083648118723,35.51600294082728],[129.40783339100213,35.51632474374143],[129.4066841351377,35.51660734716214],[129.40556706606895,35.51749173546125],[129.40554509096128,35.518588962074816],[129.40448681476062,35.51942834055669],[129.40320927124458,35.520114473926526],[129.4017511205703,35.52025500273539],[129.3989241417458,35.52026038090995],[129.39771423540444,35.52076910728867],[129.39763226706944,35.52135801184151],[129.39620494159755,35.52179179619095],[129.39443124952962,35.521760914262735],[129.39310015917602,35.52221273733366],[129.39184871885627,35.52299627808876],[129.3904193621901,35.5253887434481],[129.38922355399134,35.526504367312945],[129.38744415050067,35.52725696045001],[129.38581317056514,35.52974556796728],[129.38218575561592,35.532426931738634],[129.38302031192273,35.5332757358493],[129.38517010472444,35.535171628105616],[129.3871081934419,35.5351124844437],[129.3913005949904,35.537884590070995],[129.39148155543253,35.53932101868209],[129.39125949088378,35.54037315426866],[129.39377835568692,35.54233693183839],[129.39525168215152,35.54418808469677],[129.39570660212354,35.544915031506896],[129.39641324365923,35.54664785842113],[129.39663477042563,35.54793212407282],[129.39640956847148,35.548334879795405],[129.39611060003458,35.54913988944746],[129.39621137649473,35.55073438420094],[129.3964815773757,35.55178492137742],[129.39663409244017,35.552000884897865],[129.3973196028608,35.55280267092741],[129.40081130154638,35.55443015020482],[129.40304983049998,35.555319518545055],[129.40407376387006,35.55562534298823],[129.40528640597947,35.55580683043446],[129.40600555713067,35.55574257663026],[129.4074840496763,35.556077779986495],[129.40805282707203,35.55623048078127],[129.41154251688374,35.55739378186913],[129.41371971277266,35.55906631915669],[129.41381921849575,35.5561436725474],[129.41356227933522,35.55545371295489],[129.4134725300028,35.55528153920698],[129.41334417717542,35.55507133371223],[129.41321690143735,35.55488283614754],[129.41307049208436,35.55470827185881],[129.41148563596607,35.55291498093509],[129.4113572643111,35.552839254340945],[129.4111188122939,35.5527133314163],[129.41032479397003,35.55239362425695],[129.4101422420633,35.552323916981884],[129.40994575634093,35.55225419131651],[129.40979360908193,35.552205942382635],[129.4095560480326,35.552167156307156],[129.40931292190308,35.552130649453595],[129.40916377723468,35.552103207412216],[129.4089588967966,35.55204603572256],[129.4084530899602,35.551848332341194],[129.40816744611914,35.551726050738374],[129.40807967761836,35.55168149707031],[129.40801281871907,35.5516449376919],[129.407955720169,35.55160152925252],[129.40787358921972,35.55151379546487],[129.40780187538977,35.55143095504883],[129.40774497462283,35.55136069043544],[129.40767662936923,35.55127368038155],[129.40761605771218,35.55119336349225],[129.40757734998505,35.551125428820825],[129.40755364253937,35.55107620895678],[129.40721356093187,35.55017299323655],[129.40719969066654,35.550131886187266],[129.40700823971503,35.54861608611195],[129.40753359380204,35.54651196052966],[129.4084400840918,35.54532239007117]]]]}},{"type":"Feature","properties":{"adm_nm":"울산광역시 울주군 온산읍","adm_cd2":"3171025000","sgg":"31710","sido":"31","sidonm":"울산광역시","sggnm":"울주군","adm_cd":"26510110"},"geometry":{"type":"MultiPolygon","coordinates":[[[[129.3465058265487,35.389417505065275],[129.34516268432603,35.390678012758464],[129.34468207833137,35.39109229922186],[129.34426530924176,35.39138673495501],[129.34367978673245,35.39170556714673],[129.34308600883531,35.3919705523945],[129.34243557288707,35.39221759681763],[129.34192892063044,35.39236626239217],[129.34163252169589,35.39245322400744],[129.3408774885696,35.392640843101425],[129.3403054438645,35.392757186212556],[129.33831164387863,35.393162627682905],[129.3357817294178,35.39368425283145],[129.33366132877256,35.394216617432775],[129.3332881902837,35.394310298984415],[129.33154382802596,35.394772289617535],[129.32996185754524,35.39522831656708],[129.3287735566245,35.39561644133883],[129.32124429754572,35.39812637008815],[129.32007622093653,35.398648300379115],[129.31929179512218,35.399097474399206],[129.3184527650005,35.39958050690427],[129.31725406363543,35.40034823660768],[129.31553374594537,35.401504350935966],[129.31476412238817,35.40206306329973],[129.31342933855896,35.40298044057949],[129.31331742881142,35.40303572996058],[129.31303006245201,35.40315958831299],[129.31270922635167,35.40325456742206],[129.31244020269227,35.40329471473125],[129.31221000395252,35.4033200949483],[129.31052710046535,35.40380775256917],[129.30899272812746,35.40431665413392],[129.308639311132,35.40445195215926],[129.30839736261106,35.404544588872064],[129.3080428804964,35.40470914601871],[129.3078290288014,35.40490282416294],[129.30770839888638,35.40505675961672],[129.3076484006875,35.40521546788808],[129.30762500445303,35.40543852249997],[129.30768029861395,35.40581279366595],[129.3085221824306,35.408047205631306],[129.30866893525933,35.40838381045847],[129.30894050750535,35.40872874514309],[129.30968067008888,35.409547898687265],[129.30985696816174,35.40968620030571],[129.31009378956867,35.40980452782229],[129.31035328163586,35.40999632263487],[129.3105967591304,35.410268257244866],[129.31185386678118,35.41196646699182],[129.31207331818118,35.41229296450321],[129.31223167873102,35.41264237772921],[129.31229297725352,35.41282061485017],[129.31234254137982,35.41310295320068],[129.31270192010186,35.41528832565818],[129.31272078201644,35.41546667397375],[129.31272195282773,35.415768936710315],[129.31262425096662,35.41715369086867],[129.31258888975628,35.417416415355994],[129.31249878069374,35.417629725638854],[129.31240224746497,35.4177439384761],[129.31157971201603,35.41831420658523],[129.3114103917445,35.418418703215224],[129.3111864441972,35.41850352458337],[129.31095627736744,35.41854870828716],[129.31054178677516,35.41856934303873],[129.30989340585705,35.418625517897006],[129.30923526998853,35.41877937050446],[129.30902962268718,35.418893867101644],[129.30889074434018,35.419037921352775],[129.3088487251191,35.419142097368805],[129.30884917563512,35.41926598016814],[129.3089227566339,35.41948878692895],[129.3091467524276,35.419878177918015],[129.31027142995183,35.42161182132707],[129.3114586222952,35.42343102428016],[129.3118630163651,35.424340740722585],[129.3118420040118,35.42449858341547],[129.3118078141763,35.42462249278226],[129.31175768835524,35.424697447421266],[129.3115807064161,35.4247894225975],[129.30552001207477,35.42760797522466],[129.3054381596226,35.427631397837395],[129.30537513590923,35.42763155694907],[129.30531204452475,35.42761106924508],[129.30493157396802,35.42728328699743],[129.304593180146,35.42696427388901],[129.30374991097395,35.42599065384732],[129.30359144001244,35.42574855826227],[129.3023800940027,35.4238824399291],[129.3022913033562,35.42373305798295],[129.29825624500205,35.42289145545638],[129.29770392669502,35.423113990216024],[129.29447871732268,35.42438759287798],[129.29421846774707,35.42448403057131],[129.29384493009422,35.42462176093502],[129.2933021835415,35.42481237253615],[129.29302040659695,35.424895166289836],[129.29230057369915,35.425072525601166],[129.2890800910236,35.42552973968894],[129.28665641844805,35.427213853083934],[129.2864578315642,35.42740134710457],[129.285847035661,35.42803279716198],[129.28564496094012,35.42839329203209],[129.2854985315374,35.428718299521975],[129.2854728460873,35.42877531207202],[129.2851799797646,35.429499304759574],[129.2844243340084,35.43196386100056],[129.28443150922928,35.43853048134956],[129.284712772546,35.440584710968636],[129.28710674862887,35.44148873792857],[129.28719087032326,35.44151739444096],[129.28725595040703,35.44152389098125],[129.28980419337788,35.44159327212959],[129.28985431758247,35.441588715366606],[129.29242140633568,35.441236461088636],[129.292510727748,35.44120071320284],[129.2933429369284,35.44083485318741],[129.29356888648374,35.440727807925064],[129.29380691497283,35.44058745863016],[129.29691941570607,35.441893358770116],[129.29729423902424,35.44468801871817],[129.29676487778224,35.44780011121368],[129.29801412381465,35.45055070229996],[129.29856639886432,35.45132698298282],[129.298842657194,35.45176587302299],[129.29884472158557,35.452330295647336],[129.29830496665312,35.45542705063888],[129.29811723755884,35.45619147013559],[129.29784393344366,35.457093350183904],[129.2977103317914,35.4572916810201],[129.29976662241575,35.45655284027682],[129.3000323260872,35.45647815867267],[129.30029288356445,35.456447034918554],[129.30196944126698,35.45642976529834],[129.30223551308953,35.45645522242278],[129.30241669232544,35.456537477496326],[129.30260885210205,35.45671114917766],[129.3026410902771,35.45679377505441],[129.30263683896183,35.45708549665068],[129.30254287967614,35.457564613932625],[129.30253793230668,35.45766476022507],[129.30256466494546,35.45770388664098],[129.30566439310724,35.45863071454079],[129.3058187274903,35.45864773478897],[129.30612987346737,35.458624065965424],[129.30687440900476,35.45855688128385],[129.30721469082917,35.45850813105063],[129.30744105708504,35.458424893381945],[129.3076743650913,35.458224038963145],[129.30788101089203,35.45800583967213],[129.3084970359381,35.45772128716006],[129.309031481376,35.457533014304914],[129.30941942061847,35.45742754600488],[129.31209295116145,35.45689437432427],[129.31223123189204,35.45688964642089],[129.31228443391765,35.45688951369171],[129.31296983678536,35.45716170130231],[129.31306574660297,35.457200639771386],[129.3131830431462,35.45726999979887],[129.3134288724929,35.45756103311899],[129.31357359553147,35.457843667721924],[129.31377682823162,35.45812176613081],[129.31388684606418,35.458268238746854],[129.3140415647348,35.45838104071311],[129.3143346955362,35.45851960698819],[129.31715441153727,35.459495128091],[129.31735507364192,35.45956360718507],[129.3174508402561,35.45956770295891],[129.3175625330849,35.459558703919114],[129.31811358581766,35.4593055086481],[129.31815057612783,35.459235753804926],[129.31818170610487,35.4590354146653],[129.31822409225765,35.45899175791338],[129.31856386910277,35.45881236935189],[129.31994178249911,35.45809144968488],[129.32004272040035,35.458052005580036],[129.32052355411474,35.457920395232605],[129.32089591256764,35.45791070230303],[129.32145993513237,35.45794405535499],[129.32275659637406,35.45861922724983],[129.32285023641975,35.45867356402265],[129.3229054506056,35.45913188847952],[129.3228835235132,35.46033272480253],[129.3229518767619,35.46073643457598],[129.3233137726224,35.461117533597964],[129.32344777466727,35.46124817355584],[129.32437026870457,35.461627771859504],[129.3259846414631,35.46228796954334],[129.32630507683092,35.46230893535987],[129.32699866378775,35.462186985083626],[129.32733208686724,35.46212060300318],[129.32743900282202,35.46215304707104],[129.3299830206174,35.46411105552971],[129.3301170284129,35.46424168859656],[129.33143344505297,35.46627394325977],[129.33166241126094,35.46677545662662],[129.33170780693413,35.466946064930596],[129.33204512511514,35.46896309028044],[129.3320589230463,35.46907221650411],[129.331260362283,35.46965295000933],[129.33028884459208,35.47029966472074],[129.33000894675263,35.47048598987035],[129.32999622442728,35.470638845745036],[129.33010385420303,35.47084595989263],[129.33017090767538,35.47092219877296],[129.33146862535153,35.471617271955374],[129.33178943723107,35.47172557346175],[129.33236381590112,35.471811333128336],[129.33299495586152,35.47190782670738],[129.33510570008323,35.472284076678825],[129.33744363105052,35.47271423317146],[129.33777785956386,35.47283338669156],[129.33831306220506,35.473126629746744],[129.33935311294323,35.47430396080298],[129.33965669828558,35.47283409455988],[129.34217733231458,35.469866954842075],[129.34390876633674,35.468999552666816],[129.3455445560867,35.466790666345815],[129.3465748282976,35.46519571228794],[129.34675385788026,35.46422686246083],[129.3474129630124,35.4642878598586],[129.34840102334599,35.45994627709451],[129.34767724067495,35.45986711755968],[129.3480383899523,35.458288250930785],[129.34876159891553,35.45465677481721],[129.3499665066324,35.44827187356664],[129.3537456866469,35.44682399566056],[129.3560885384033,35.447519449517166],[129.3589962442675,35.44815749823614],[129.35955700711781,35.44796125826202],[129.35930069958206,35.44500167656874],[129.35906601570937,35.4427828274015],[129.35395103671704,35.440766418367154],[129.35513969244178,35.438538187676265],[129.35548990516628,35.43863737211936],[129.36463957080457,35.44160841566406],[129.36611100115874,35.44318288534283],[129.36925532238934,35.44878614813713],[129.37335179610844,35.4472448784722],[129.37215242749073,35.44503482073219],[129.36996242357392,35.4435446237787],[129.3657733309609,35.43570184209014],[129.36944854708764,35.433507702499995],[129.3695020577247,35.43150572981054],[129.36719266784627,35.43013557202589],[129.36651612241604,35.43024147905386],[129.365631929339,35.43008623933648],[129.3649122456808,35.42962438630006],[129.36398224081208,35.42310694603675],[129.36510306685958,35.42136818225642],[129.36557247678468,35.41799129658649],[129.36394656600717,35.41454938616262],[129.35927538303952,35.4142123786223],[129.3567350857781,35.41527166251981],[129.355795909817,35.41413192112162],[129.35592893956962,35.41108960365077],[129.35988796521335,35.410763195628455],[129.36138228924725,35.41152148022237],[129.36166253984067,35.41142334674034],[129.36295062214094,35.41093493877636],[129.36304781938892,35.406504755831364],[129.36292517570254,35.40618290482865],[129.36151089856756,35.40530941542835],[129.36125310268082,35.40515019427529],[129.3574658095059,35.403417606375626],[129.3564391809555,35.403159699452424],[129.35496661708876,35.40314209522812],[129.35229633265354,35.402823536604984],[129.35245666360896,35.40249617278209],[129.35329738094566,35.40220185261894],[129.35547051456467,35.401001471243056],[129.35691071827543,35.39990796173268],[129.35700961100622,35.399415121150305],[129.35643435899914,35.3991020827313],[129.35585778155576,35.396797227884456],[129.356414170967,35.39646211649606],[129.35746495682915,35.395607831756934],[129.3574460950726,35.39495969245739],[129.35636840612938,35.392942541538865],[129.35607204711462,35.39248511012207],[129.35299935253144,35.39194279034097],[129.34946734907535,35.391177730947604],[129.3465058265487,35.389417505065275]]]]}},{"type":"Feature","properties":{"adm_nm":"울산광역시 울주군 언양읍","adm_cd2":"3171025300","sgg":"31710","sido":"31","sidonm":"울산광역시","sggnm":"울주군","adm_cd":"26510120"},"geometry":{"type":"MultiPolygon","coordinates":[[[[129.21466158418625,35.62542387383767],[129.21556891104694,35.62475215680315],[129.2166822733088,35.622648932081304],[129.2167149390451,35.62257884030982],[129.21674249473895,35.62251923031394],[129.21675880932557,35.622475585083336],[129.21677906961335,35.622375318644],[129.2174756092132,35.61756297975052],[129.21747037647668,35.61753027417626],[129.21741991545568,35.61746493475605],[129.21651538234815,35.61661599080663],[129.21610182942396,35.61627111521002],[129.21402401514183,35.61461981443814],[129.21292775149493,35.61382904361668],[129.21264197164675,35.61366387438331],[129.21236440737422,35.613501215598845],[129.21225236207604,35.61343389329632],[129.21222099047344,35.613409192176256],[129.21220397591995,35.61337860738734],[129.21217706411716,35.61329561897496],[129.21186874463234,35.61195612470301],[129.21186555449881,35.61191376874967],[129.2119504121451,35.609402609435335],[129.2119533540776,35.60935499609058],[129.21196766139235,35.60933085644033],[129.21202501824845,35.60928126442667],[129.21213260969014,35.609213138926016],[129.21283608083795,35.60857567444477],[129.21360269092696,35.60775521471634],[129.21363540530143,35.60770901332042],[129.21366403284463,35.60766534653447],[129.21369469839178,35.607616201948616],[129.21370591147942,35.607585998299534],[129.2137150152755,35.60753733443094],[129.21372613039554,35.607468123298425],[129.21372394275807,35.60741359247901],[129.21370817773487,35.60727521398317],[129.2136863967843,35.60718591790576],[129.21364710703614,35.607076099810236],[129.21360375297263,35.60697845507349],[129.21278443290223,35.60528126962051],[129.21275559124345,35.60524274110148],[129.21272884231334,35.60522097729206],[129.21270008635176,35.605210961807806],[129.21263542574823,35.60520771783281],[129.21256870251534,35.60520698593909],[129.21239326424785,35.60523331247311],[129.21224347648226,35.605253284462854],[129.21207007247472,35.605272046686146],[129.21203415068493,35.605268329949375],[129.21193145730726,35.605245863803994],[129.20895389413946,35.60438032906648],[129.20693114672432,35.60361836331556],[129.20684278296457,35.603581606133396],[129.20662391578705,35.60347839462309],[129.20656121742462,35.60344158286921],[129.2063320150466,35.60330482636225],[129.2062919049595,35.6032730288458],[129.20458350014016,35.601777783236535],[129.20455227284253,35.601745711580946],[129.20452219907193,35.601698495111656],[129.20357631697627,35.5998860302163],[129.20353201490943,35.59979605518961],[129.20145090854078,35.59706714999158],[129.20122307703465,35.596925771528184],[129.20090681894487,35.59666543877732],[129.20078712123643,35.59655815030571],[129.20069157924718,35.59643861338155],[129.20061148094226,35.596244131803864],[129.2005383058482,35.595979896039125],[129.20040490514097,35.594931437828656],[129.2004047970888,35.594884955762886],[129.2008293697959,35.594110969074116],[129.20091723077456,35.59399810538496],[129.20138076083072,35.592888826496605],[129.2019095143152,35.59114031138873],[129.2019333202769,35.590998513005076],[129.20202509207792,35.590175094820644],[129.20212844227362,35.588859580459726],[129.20215386366974,35.58822450953394],[129.20213590736753,35.58786722756337],[129.20211571880265,35.587749916683805],[129.20206565691777,35.587623924163736],[129.2019485504959,35.58741030900576],[129.20182721236947,35.58720775572114],[129.2017201851954,35.58704177257793],[129.20165030803847,35.58695299796908],[129.20155053056652,35.58684277270014],[129.19717796287603,35.58294424780123],[129.19649951780747,35.58239182455629],[129.1939949730617,35.580460282436285],[129.19164732132074,35.57890391183562],[129.1914995456877,35.57881134809572],[129.19050773331298,35.57818540380523],[129.19040825615454,35.57812060260169],[129.19025437108107,35.57798451507415],[129.19018623380308,35.577866741946686],[129.19013740501373,35.57776791949872],[129.19008320586636,35.577643119928105],[129.18999052751397,35.577305433514674],[129.18996546292698,35.577169760335664],[129.18982565585588,35.57633262155036],[129.19005112887794,35.5760189690786],[129.19244352492214,35.5732598559974],[129.19250258900436,35.573205625275364],[129.19255199759925,35.57317666840144],[129.19263157583796,35.57313511892445],[129.19286449286506,35.57305777946969],[129.1929368970607,35.57304034192419],[129.19299871822307,35.573025802673406],[129.19309852755143,35.573006878372155],[129.19407874046013,35.572711921739675],[129.1952826477049,35.572264207251436],[129.19534000805726,35.57223523475998],[129.19537530052708,35.57221207742725],[129.19541504058395,35.57218596901408],[129.19590666171956,35.56963586609111],[129.19589997390227,35.569229921754335],[129.19585558282796,35.56914193497094],[129.19552564266903,35.56861117800784],[129.1953075326324,35.56829244850091],[129.19510716525932,35.56800548237094],[129.1949417186322,35.567815063745336],[129.19477359848383,35.5676156491327],[129.1946798975612,35.56748661616774],[129.19456208969817,35.56728232690641],[129.19444831360244,35.56699664111043],[129.19443643983635,35.56683713790518],[129.19443590334848,35.56661046631423],[129.19449095037277,35.5663584393348],[129.1945498705593,35.56624790184059],[129.19460454171852,35.566198722757264],[129.1946908240805,35.56612774010113],[129.19475093912502,35.566091659380476],[129.1948233175988,35.566058334355716],[129.194948657189,35.566014829085375],[129.19516947043329,35.56598560263269],[129.19524719180916,35.565982580194735],[129.1953514402048,35.56598096780009],[129.19575255015025,35.56598899039414],[129.1975588109572,35.56614077003451],[129.1980832177621,35.56619021166668],[129.19846572840012,35.56622573510452],[129.19887417458685,35.566236723523],[129.19929024143553,35.566230713842735],[129.19971282168115,35.56621939101046],[129.20023938961307,35.566197252729246],[129.2004875239271,35.566161657587],[129.2005573423286,35.566107289297335],[129.20061287600635,35.56601244008004],[129.20069214967063,35.565854640982266],[129.2007842574307,35.565509447179686],[129.20196835092702,35.5600224823985],[129.20204496164138,35.55950156717807],[129.20207451246566,35.55928739514473],[129.20174141880557,35.554558104115706],[129.20133698632526,35.55150374919161],[129.2013315780427,35.55146895606862],[129.2012834652239,35.55137627244999],[129.20110916451674,35.55118232989561],[129.20087177407925,35.54843163560938],[129.20272193055945,35.54429323636046],[129.20275020830593,35.544255497282776],[129.20313561977753,35.5437721794308],[129.20320989093406,35.54368654114843],[129.20326474096984,35.5436357149292],[129.20338157987382,35.54354856277556],[129.20345680974268,35.543492625317384],[129.20355063819963,35.5434315819712],[129.20581401640422,35.54232155050905],[129.20462173282473,35.54022719404345],[129.2045914393481,35.54017651805843],[129.2045309441931,35.54009398697157],[129.20445809518014,35.54003614679566],[129.20336794310901,35.53952196810975],[129.20321525282264,35.53945553302975],[129.19998185339017,35.53816000515545],[129.19813545708485,35.537663698086774],[129.19696244109997,35.53714657223385],[129.19676121694076,35.536872223844355],[129.19615262766052,35.53622892514967],[129.19606816280447,35.53622042007064],[129.1942421883983,35.537458716933344],[129.19418159863645,35.537506276874396],[129.19407015387233,35.537623637785444],[129.19400175364154,35.53771435747997],[129.19395880605225,35.53778705665478],[129.1939117326073,35.53796546105592],[129.19340868898587,35.540252904155984],[129.19342289934383,35.5403075268826],[129.19350426462088,35.54048715972667],[129.1939499975012,35.54146295378441],[129.19447258299655,35.54256011573993],[129.19463145698137,35.54277557610066],[129.19466156928868,35.54285751698475],[129.19465746908296,35.54298336568004],[129.1943666695732,35.54352167691425],[129.19424134580768,35.543725374630796],[129.1940052818694,35.543979581635604],[129.19364986334662,35.54436054926221],[129.1934243090762,35.5445917265719],[129.19332162041277,35.544696153017355],[129.19188486575752,35.544689071633094],[129.18913223470935,35.54482138338007],[129.1878807158083,35.54501602588862],[129.18769420994306,35.54502784165271],[129.18746187216215,35.54499654536879],[129.18724000391708,35.54492497658847],[129.18559170144619,35.54436951532992],[129.18491888608833,35.54409154262452],[129.18192089710902,35.54269531944373],[129.1817800022585,35.54261697343918],[129.18145583589583,35.54234301593311],[129.18061486572043,35.54138365120729],[129.1804464367747,35.54108985594584],[129.18036196366174,35.540815525566146],[129.1803193009954,35.54049455919246],[129.1802709216167,35.54028879057892],[129.18009646960064,35.53997538189893],[129.17989209773208,35.53967672877255],[129.17815636170096,35.53776298764755],[129.1777723130444,35.537489092179506],[129.17731642783318,35.537232451367416],[129.1767586009721,35.53694411216614],[129.1763447753395,35.53674865419944],[129.17572119827082,35.53652412633487],[129.1753495273866,35.536426636913106],[129.17146525406332,35.53551405434028],[129.17096147928828,35.53539886510612],[129.1698803677216,35.53524741009233],[129.16962744395838,35.53521760902629],[129.16937456533347,35.53520791382649],[129.1690252426926,35.53525432348332],[129.1688515218234,35.53531342862791],[129.1685953653021,35.53541711325449],[129.1683357660501,35.53555239073672],[129.16804647260932,35.535745055756195],[129.1675347308639,35.53601422903563],[129.1671269106308,35.536224320668104],[129.1669273074076,35.53631934937981],[129.16469742153043,35.53727685319646],[129.16451494345577,35.53735460242235],[129.15671979445614,35.539915401550935],[129.15592954807414,35.539916415014495],[129.15569245772872,35.53990093445927],[129.15554316443465,35.53988246372516],[129.15545531975934,35.53986392079621],[129.15328033564802,35.53931982939019],[129.1531617290971,35.53928983420562],[129.15264774123756,35.53909959656971],[129.15198523358973,35.5388477979923],[129.1509497924219,35.53822760611275],[129.15021814605475,35.53760990798279],[129.14744151231446,35.53836826418163],[129.14742624277474,35.5384485261359],[129.14739275431324,35.53852422459741],[129.14734665612335,35.53860794957415],[129.14687435301133,35.53935477061383],[129.1467905003082,35.53948555318141],[129.14495709117395,35.54160036839246],[129.1439214825548,35.54240973759532],[129.14379692059765,35.54249929215684],[129.1436260868796,35.54258546737235],[129.14341741337222,35.54266022625893],[129.14321290213067,35.54271204962944],[129.14305457555832,35.542729430911145],[129.14285139856017,35.54274572645714],[129.14263978526964,35.542751691340975],[129.14238609800668,35.542731366684045],[129.14220663731163,35.542684570898416],[129.14195421858113,35.54259086866774],[129.14163444047097,35.542451394960324],[129.14126830787202,35.54223631252499],[129.1410732740904,35.54209669056937],[129.1407295612306,35.541881580746086],[129.14063140004455,35.541845024754515],[129.13892372017372,35.54139418025462],[129.1388116220676,35.54140119174629],[129.13843581249594,35.54147114029699],[129.13814744280424,35.541603035567775],[129.13800810060067,35.54176614899444],[129.1379485169996,35.54192102405241],[129.13792891849096,35.5421247576961],[129.13802905187364,35.54236093032801],[129.14031706350107,35.54473751232904],[129.14097631378277,35.5453070845246],[129.1418350001736,35.54584384897167],[129.14200466781213,35.545916988200574],[129.1425036985475,35.54610380712011],[129.1436213389075,35.54642840806502],[129.1441102958667,35.54655820886816],[129.14449399678472,35.54663831981372],[129.14096775066446,35.55265045643996],[129.14007121700035,35.55389668382119],[129.1391281338802,35.55501459656994],[129.13381499301042,35.558440423339036],[129.13097363580107,35.559974675839804],[129.13010013025576,35.5604300395615],[129.12944485010564,35.56071363716533],[129.12810006013555,35.5611923272677],[129.1276420191074,35.561304981737656],[129.12737884575427,35.56136969398874],[129.12525787591292,35.562011977237056],[129.12202372684268,35.56310620251051],[129.1186424589517,35.56414409515879],[129.11830141321576,35.564229296003084],[129.1175947782799,35.56435236505853],[129.11720801012845,35.564329547759264],[129.11683723512982,35.564307654229665],[129.11631545705924,35.56421423312029],[129.1119855780421,35.5634264779841],[129.1116534636778,35.56395780559651],[129.11054726869096,35.56515912766089],[129.10978649204546,35.565825162081225],[129.10936505658321,35.566230094509535],[129.10885737969812,35.566812630424266],[129.10878389054633,35.5668969599713],[129.10855153856136,35.56725415320023],[129.1082321665165,35.567825577056915],[129.10807734196376,35.568155116806025],[129.1073295152319,35.57033103763691],[129.10728968306904,35.570451217163146],[129.10727755298777,35.57048784004452],[129.10728294846925,35.57055719503769],[129.10733435756546,35.57064383472183],[129.10751320963968,35.5708286250483],[129.10847903708122,35.57168240859491],[129.10867468771877,35.57185345697634],[129.10883401530114,35.5719891328445],[129.10895440157773,35.57207860050121],[129.10920219388856,35.572224316324935],[129.10939329359215,35.57230651501037],[129.10972596408547,35.572443462897375],[129.10988519979796,35.57250834131046],[129.1103028123355,35.57268423909116],[129.1105736098102,35.572847263486295],[129.11087628334155,35.573039159523624],[129.11111529745045,35.573236895840445],[129.11235310023446,35.57440177176157],[129.11247352311838,35.57451724025935],[129.11266927625678,35.57476919209225],[129.11414369522393,35.577523922180056],[129.1145196368383,35.57828968774916],[129.11471630094744,35.57873116730929],[129.11477099490926,35.57886757057119],[129.11478164233233,35.57893651209036],[129.11475559673386,35.57916921074817],[129.11473818407308,35.57928988273152],[129.1146839959829,35.57951399352594],[129.11463848418737,35.579651928746685],[129.1146008445586,35.57976614441489],[129.1145842576107,35.579858809755706],[129.1145686317213,35.579993851770254],[129.11457487967664,35.58005918837751],[129.1145890091734,35.5801022522983],[129.11461807881625,35.58015465795341],[129.11556282418329,35.58123803078319],[129.1190425115131,35.58551649216776],[129.1197921771086,35.58654343914457],[129.12199729055624,35.589595580010034],[129.12221987294487,35.59027043142429],[129.12232058173393,35.59059206066734],[129.12237834368523,35.59216846998527],[129.12260543048845,35.601426477184795],[129.12256030893346,35.60147666759717],[129.11697036929883,35.60534571683174],[129.1168411448926,35.605416729813584],[129.1167331416954,35.60546314612284],[129.11311225698168,35.60693505093196],[129.11300954729245,35.60696843075766],[129.11256487042317,35.60697317756021],[129.11095620659188,35.60694716156196],[129.10985769404516,35.60687870803065],[129.10956001995973,35.60684424842302],[129.10935449423454,35.606834308645844],[129.10921277928148,35.606846008641895],[129.10910296044958,35.60685913961507],[129.10817923916292,35.606999580767834],[129.1080437336571,35.607020669865136],[129.10632214919747,35.60735782878906],[129.10621676094001,35.607383245536056],[129.10613442985405,35.60741297607657],[129.10188844755947,35.60935531957838],[129.10176809939955,35.60945669310493],[129.10165399582434,35.609599303712876],[129.10133223042354,35.61014644910006],[129.10059873248437,35.61156348811132],[129.10048033897777,35.61182255857929],[129.10039116858547,35.61206641760149],[129.09907122911778,35.61499438195708],[129.0957262663048,35.61934600586327],[129.09402053776,35.6214710626419],[129.09270426438954,35.62307922537068],[129.09200078710703,35.62420260210015],[129.09097029885217,35.62913572983203],[129.0909545208001,35.62935384888151],[129.09096374410402,35.62963882654749],[129.09107138616238,35.63033955344807],[129.0911267278917,35.630470376462384],[129.0914105149982,35.631015398095634],[129.09153985996383,35.63121522844877],[129.09269429630143,35.63294424018175],[129.09347862822008,35.63292292865513],[129.09640351765296,35.63332631791992],[129.09893952926438,35.63370826708512],[129.10330026927582,35.63406695323135],[129.1046140256193,35.634085971118445],[129.10727278178015,35.63376164026407],[129.1073361441692,35.633750070873305],[129.10740654890424,35.63372411723221],[129.10746287569114,35.633701079498096],[129.11352463422952,35.63102785440716],[129.11360330167497,35.63098984206333],[129.11364728912102,35.63096104732067],[129.1147304691906,35.62985303210549],[129.11479816794736,35.629777496356255],[129.11485352912143,35.629712025739295],[129.11509609312915,35.62939263584065],[129.11546872444472,35.62890060883471],[129.1155214381106,35.62882868779177],[129.1156154667976,35.62869130116775],[129.11562863482854,35.628664687040995],[129.1156619613604,35.628587019982774],[129.1156979219052,35.62848347871211],[129.1157232914299,35.62837131389487],[129.1157407180658,35.62823615742235],[129.11574325859348,35.628170741382625],[129.115758147708,35.628106749086434],[129.11577039104293,35.62805499094074],[129.11578285211542,35.62800911418574],[129.11588261275548,35.627754879247064],[129.11601246884962,35.62747767863069],[129.11664622309348,35.62640933639271],[129.116756764805,35.62625154098733],[129.1174871418842,35.62522505288668],[129.11757649699993,35.62514609735048],[129.1177110698461,35.625064957648995],[129.11786514119197,35.624999703269275],[129.11805731665467,35.624932251843205],[129.11823177591083,35.62488215376666],[129.1184062787394,35.62485016938058],[129.11865346443346,35.624834006271506],[129.11960947516604,35.62484393197726],[129.11981948793672,35.62485890496253],[129.12090835288396,35.62498933654494],[129.12106125403264,35.62509426556922],[129.12129350267043,35.62525364818437],[129.12176479306044,35.62519300839511],[129.12594870028218,35.62426289102019],[129.12600322862025,35.62424313165468],[129.12605050705523,35.62419737255845],[129.1266552356609,35.623513907337966],[129.12670781944152,35.62344528738335],[129.12672212844976,35.62339782133678],[129.12671870347563,35.62332915633999],[129.12668636817827,35.62317410471196],[129.12661298848292,35.62296059120159],[129.12652952647588,35.62266658966308],[129.1265071980213,35.6225454041601],[129.1265048843514,35.62247337313918],[129.12653572158308,35.62237418652613],[129.1267814176831,35.621640812982825],[129.12685206472605,35.62152715991849],[129.1269669123631,35.62135584362015],[129.1272239371305,35.62106155675594],[129.1272676483939,35.62102290979912],[129.12908526219778,35.61944842703279],[129.13000628639796,35.61884300412138],[129.13007922223005,35.61882058586092],[129.13015210740343,35.6187747869756],[129.13024611048638,35.6186659960835],[129.13130913072305,35.617285282769345],[129.13140446925186,35.61714521133397],[129.132879608312,35.61479224196788],[129.1339703749139,35.61287538504733],[129.13397928509423,35.61262174572727],[129.13399802080465,35.61248977933024],[129.13402540023327,35.61237232576785],[129.13407348871033,35.61227593238597],[129.13415769117205,35.61214652805538],[129.13426601273366,35.61201446869575],[129.13586219847724,35.61027009714953],[129.13592067658965,35.610216428981],[129.13598059819898,35.61017260576255],[129.13605911365065,35.61014626856633],[129.13616192656266,35.61012426584836],[129.13795423629907,35.60990891947323],[129.13800421896528,35.60990886551908],[129.13806994233835,35.6099208394276],[129.1416867235006,35.61126515892103],[129.1419028394608,35.611566158892614],[129.1430100192027,35.61251538441808],[129.1439706396757,35.6126305051351],[129.14470819708282,35.611683393762355],[129.14626693329998,35.6103031072068],[129.1466169865133,35.610125153888006],[129.1473306292251,35.60965541471113],[129.14771499152218,35.60928974898528],[129.148488706184,35.608289709821435],[129.15002889676867,35.60768935983801],[129.15290622519726,35.608020453723405],[129.15294991184265,35.60803059514759],[129.153178604066,35.608152646375295],[129.15338154138985,35.60826325500279],[129.15490945419205,35.60928080374227],[129.1549664743638,35.60933043943101],[129.15504929412322,35.60942207546593],[129.1556151028128,35.61008021186066],[129.1560980920347,35.61065432452838],[129.15645272112735,35.61097882647378],[129.15760453693866,35.611822238462004],[129.15768105050995,35.61186801376637],[129.1577856150991,35.611907389781685],[129.15784958078615,35.61191877118697],[129.15789792827982,35.611918711625876],[129.15875996178312,35.611717535808765],[129.15975697331163,35.61114148073651],[129.1614548635687,35.609742536896306],[129.16304549708053,35.60854252323323],[129.16308132251586,35.60851825170622],[129.1634543372512,35.60827817907537],[129.16361008148849,35.608178580228795],[129.16369032070696,35.60813767498958],[129.16443901836564,35.60782444683287],[129.16450447552975,35.607802697253625],[129.1664161687509,35.60730691651114],[129.16645358693754,35.60730304070755],[129.1664980270059,35.60730298399962],[129.17026376243464,35.60741523454525],[129.1703925660574,35.60742459964863],[129.17232964085514,35.60769271939669],[129.17238412857637,35.60771485459932],[129.17239510219514,35.607754808561694],[129.1719152909253,35.608580492967185],[129.17142453253743,35.60905875746313],[129.17142470028105,35.609135163289245],[129.1714785619189,35.60923514735309],[129.17327420269606,35.61154920676347],[129.17341759649855,35.611704865056765],[129.1737918146904,35.611995873735594],[129.17433654349063,35.612329931187034],[129.17457880313322,35.612456599114736],[129.17755483024192,35.61396193127897],[129.1777740756744,35.61406409137364],[129.17812140280378,35.61416748330614],[129.17832642967832,35.61422637514136],[129.17960745805985,35.614417863381995],[129.1838380879757,35.614893589561426],[129.18515039742465,35.61484973734483],[129.18772575126795,35.61598018659549],[129.19105405357703,35.618761917403766],[129.19108590764776,35.618792167091044],[129.19111779641437,35.618831088946095],[129.19101495225075,35.620537188869925],[129.1906918561333,35.621357482975974],[129.1905274682969,35.62168967961734],[129.19030656716853,35.62202774742433],[129.19017275157512,35.6222170187598],[129.19011553246597,35.62228928548652],[129.18996048799542,35.6224713808424],[129.1898036333569,35.62262893216601],[129.18974111143723,35.62270985201708],[129.18970248731543,35.62280949209314],[129.18969910327414,35.62287157162807],[129.18970454125446,35.62293217601545],[129.18977681455843,35.623242365434166],[129.18981688393617,35.62338374279992],[129.19056732522802,35.625863537365],[129.19232946894905,35.628414156408724],[129.1923718008404,35.62846257195724],[129.19243292123775,35.628510990317714],[129.1925163416619,35.628567427135756],[129.19268773286328,35.62862104626337],[129.19283559765833,35.628647751812586],[129.1929998997086,35.62867443977927],[129.19312661741577,35.628690402188205],[129.19326740083568,35.62869736063525],[129.19337767553944,35.628697198533104],[129.19349729424084,35.62869520557134],[129.19363802061062,35.628669833984],[129.193832662411,35.628633602413686],[129.19395089356252,35.628596523229575],[129.19414958652075,35.62852084304596],[129.19437434053356,35.6284343634815],[129.1945629772653,35.62836332179584],[129.19470551561824,35.62832156805591],[129.1948380048264,35.62828904471398],[129.19494040450923,35.6282688934663],[129.19504080963597,35.628257985565774],[129.19509705650185,35.628257882693795],[129.19519955419557,35.62827924405213],[129.1952759772928,35.62831756847726],[129.19540673112752,35.62839425140986],[129.19550333875787,35.62847253009234],[129.19556982220465,35.6285539454817],[129.1976189366443,35.63158553236226],[129.1976723788193,35.63166474128552],[129.1977104002341,35.63173419854217],[129.1977936684713,35.6319727753266],[129.1978250902747,35.63213710884174],[129.19783037328685,35.63221798377754],[129.19782608752874,35.63243176427945],[129.19783834801018,35.632520915977004],[129.1978513174314,35.632573365756016],[129.19787069939227,35.632619235976286],[129.19790291520326,35.632667710054115],[129.19850034063518,35.633414325092396],[129.19860739897942,35.633538750425075],[129.19865247946194,35.63359113393605],[129.1987152823983,35.63366316762373],[129.19892364814476,35.6338595708813],[129.1989847464026,35.6339014464445],[129.1991053413193,35.63397599029885],[129.19919212663848,35.63401389004139],[129.19924675836143,35.63403610077559],[129.19938653781608,35.63407784676937],[129.19951425363178,35.634115662726394],[129.1996330896777,35.634129898375676],[129.20269046217962,35.63441994469086],[129.20294254119113,35.63443656902026],[129.20313601852706,35.63444410487575],[129.2033318404574,35.63443327844816],[129.20346822747814,35.63440814057839],[129.2035941591759,35.63437776297274],[129.2040160368122,35.63423541862308],[129.20411465481138,35.634191961847385],[129.20416113979454,35.63416301705553],[129.20422841225948,35.634099962954245],[129.2049490960995,35.63309933222458],[129.21020532291087,35.627903679303586],[129.210541238863,35.62758811697531],[129.21068362660367,35.62746203821199],[129.2109756575098,35.627247647275155],[129.2110504578922,35.627194668776625],[129.2111580955089,35.62713114740234],[129.21121960958868,35.62710084418533],[129.2112709219972,35.627091525429414],[129.2114762321242,35.62708319894191],[129.21207037802967,35.62697690523851],[129.2132270650393,35.626462342922316],[129.21353037958542,35.626248334411805],[129.21466158418625,35.62542387383767]]]]}},{"type":"Feature","properties":{"adm_nm":"울산광역시 울주군 온양읍","adm_cd2":"3171025600","sgg":"31710","sido":"31","sidonm":"울산광역시","sggnm":"울주군","adm_cd":"26510130"},"geometry":{"type":"MultiPolygon","coordinates":[[[[129.2977103317914,35.4572916810201],[129.29784393344366,35.457093350183904],[129.29811723755884,35.45619147013559],[129.29830496665312,35.45542705063888],[129.29884472158557,35.452330295647336],[129.298842657194,35.45176587302299],[129.29856639886432,35.45132698298282],[129.29801412381465,35.45055070229996],[129.29676487778224,35.44780011121368],[129.29729423902424,35.44468801871817],[129.29691941570607,35.441893358770116],[129.29380691497283,35.44058745863016],[129.29356888648374,35.440727807925064],[129.2933429369284,35.44083485318741],[129.292510727748,35.44120071320284],[129.29242140633568,35.441236461088636],[129.28985431758247,35.441588715366606],[129.28980419337788,35.44159327212959],[129.28725595040703,35.44152389098125],[129.28719087032326,35.44151739444096],[129.28710674862887,35.44148873792857],[129.284712772546,35.440584710968636],[129.28443150922928,35.43853048134956],[129.2844243340084,35.43196386100056],[129.2851799797646,35.429499304759574],[129.2854728460873,35.42877531207202],[129.2854985315374,35.428718299521975],[129.28564496094012,35.42839329203209],[129.285847035661,35.42803279716198],[129.2864578315642,35.42740134710457],[129.28665641844805,35.427213853083934],[129.2890800910236,35.42552973968894],[129.29230057369915,35.425072525601166],[129.29302040659695,35.424895166289836],[129.2933021835415,35.42481237253615],[129.29384493009422,35.42462176093502],[129.29421846774707,35.42448403057131],[129.29447871732268,35.42438759287798],[129.29770392669502,35.423113990216024],[129.29825624500205,35.42289145545638],[129.3022913033562,35.42373305798295],[129.3023800940027,35.4238824399291],[129.30359144001244,35.42574855826227],[129.30374991097395,35.42599065384732],[129.304593180146,35.42696427388901],[129.30493157396802,35.42728328699743],[129.30531204452475,35.42761106924508],[129.30537513590923,35.42763155694907],[129.3054381596226,35.427631397837395],[129.30552001207477,35.42760797522466],[129.3115807064161,35.4247894225975],[129.31175768835524,35.424697447421266],[129.3118078141763,35.42462249278226],[129.3118420040118,35.42449858341547],[129.3118630163651,35.424340740722585],[129.3114586222952,35.42343102428016],[129.31027142995183,35.42161182132707],[129.3091467524276,35.419878177918015],[129.3089227566339,35.41948878692895],[129.30884917563512,35.41926598016814],[129.3088487251191,35.419142097368805],[129.30889074434018,35.419037921352775],[129.30902962268718,35.418893867101644],[129.30923526998853,35.41877937050446],[129.30989340585705,35.418625517897006],[129.31054178677516,35.41856934303873],[129.31095627736744,35.41854870828716],[129.3111864441972,35.41850352458337],[129.3114103917445,35.418418703215224],[129.31157971201603,35.41831420658523],[129.31240224746497,35.4177439384761],[129.31249878069374,35.417629725638854],[129.31258888975628,35.417416415355994],[129.31262425096662,35.41715369086867],[129.31272195282773,35.415768936710315],[129.31272078201644,35.41546667397375],[129.31270192010186,35.41528832565818],[129.31234254137982,35.41310295320068],[129.31229297725352,35.41282061485017],[129.31223167873102,35.41264237772921],[129.31207331818118,35.41229296450321],[129.31185386678118,35.41196646699182],[129.3105967591304,35.410268257244866],[129.31035328163586,35.40999632263487],[129.31009378956867,35.40980452782229],[129.30985696816174,35.40968620030571],[129.30968067008888,35.409547898687265],[129.30894050750535,35.40872874514309],[129.30866893525933,35.40838381045847],[129.3085221824306,35.408047205631306],[129.30768029861395,35.40581279366595],[129.30762500445303,35.40543852249997],[129.3076484006875,35.40521546788808],[129.30770839888638,35.40505675961672],[129.3078290288014,35.40490282416294],[129.3080428804964,35.40470914601871],[129.30765924858974,35.40357273565306],[129.30583613606603,35.401323994720855],[129.30394306361072,35.3994237464356],[129.30222256212443,35.395488009201664],[129.3027646518309,35.394212817710624],[129.3027416029337,35.393974717786236],[129.30182057302824,35.39188108077548],[129.30110534873674,35.38705359697709],[129.30106492880992,35.386862128756],[129.30101134324917,35.386695998941235],[129.30069993071032,35.38586688302669],[129.30057570298652,35.385686486296656],[129.30021264917923,35.38517872775111],[129.29993779846163,35.38484328731065],[129.29972193265243,35.38464239018628],[129.29938160998108,35.3845058829991],[129.29923577227353,35.38445203391532],[129.29909887900854,35.38442345138625],[129.2989145061915,35.384337889973736],[129.29875093139896,35.38425878008568],[129.29654104541902,35.382794551966064],[129.29643567732646,35.382686539688784],[129.29624391890735,35.38233992223672],[129.29610673956927,35.38203934678714],[129.29589106397066,35.38152879219089],[129.29583981830817,35.38133467089433],[129.2955031689729,35.37962551490882],[129.29367329265614,35.37750442442803],[129.29336368184067,35.377170806557814],[129.29288737316716,35.37683759223183],[129.29223620344592,35.37655256685845],[129.29176089949158,35.37649912281007],[129.2915797133813,35.376497669450785],[129.29110239792405,35.37649387257613],[129.29049493852102,35.37677510325653],[129.2902209153566,35.377069175321026],[129.29004670446847,35.37730159880813],[129.28989751615933,35.377540785170126],[129.28615658807433,35.379525253411174],[129.2820016028772,35.37978493952718],[129.28188504840452,35.379807505353064],[129.2816110032001,35.379875395882074],[129.28122893830366,35.3800685451668],[129.27666506747494,35.382435393181446],[129.27648280430236,35.38256636175766],[129.2763549368539,35.38269402741669],[129.27481863236488,35.38481506958127],[129.27478386949446,35.384882021410085],[129.27475492800554,35.38552850682715],[129.27475158844877,35.385694089104064],[129.2747598250832,35.38582783187729],[129.27491576901605,35.387105967362636],[129.27497519065258,35.38743221708805],[129.2750145060867,35.38755950149232],[129.27579877205065,35.38952562895959],[129.27589673406985,35.38975148719608],[129.27606858572622,35.389978763258284],[129.27624039029743,35.39018853720795],[129.2763495185262,35.39026789970602],[129.27655587864135,35.3903518388702],[129.2767971310502,35.390405392664015],[129.27701126480494,35.390490892638915],[129.27714378522563,35.390586118136675],[129.2772296750624,35.39068781576941],[129.27724941146073,35.39077534092893],[129.2772380407101,35.39085816521823],[129.2770575255105,35.3915161269527],[129.27645652806487,35.392009477859645],[129.27399398927258,35.39278565217514],[129.272121646759,35.39317716226939],[129.27076854489923,35.393827538216776],[129.27032739902182,35.39405793076157],[129.2700011644255,35.39424655595385],[129.26997843772557,35.39428635856814],[129.2698746871395,35.394683162211166],[129.26979918596712,35.394802778229334],[129.2696243781116,35.394898739620956],[129.26942606548403,35.39495172692493],[129.26909916812352,35.394957229096676],[129.2687896382516,35.39491969421279],[129.2664232272975,35.394270316322945],[129.2659506433053,35.39399422955823],[129.26525363859946,35.393279048418705],[129.2652066829743,35.39320270686205],[129.26510600483064,35.39275855258873],[129.26509919616353,35.39246234447512],[129.26512191786364,35.39226735560527],[129.2652718261738,35.39169365351738],[129.26543860125904,35.39091923921013],[129.26555260654186,35.39008282966761],[129.26569102492726,35.38777569790783],[129.2653734254332,35.386270762311355],[129.26527076472655,35.38647176283808],[129.26233558319606,35.38558126752061],[129.25994679161138,35.38464046966929],[129.25663110099802,35.384789973531234],[129.25620014911374,35.3848412581439],[129.25612031240473,35.38485075914699],[129.25508512168534,35.38552753250199],[129.25456523097125,35.386015004142976],[129.254514532656,35.38647588615317],[129.25343451652046,35.38685196131073],[129.25200357605692,35.38721497510539],[129.25193900179553,35.38719048005755],[129.2509073016447,35.38679911262726],[129.25079059455962,35.3861508433363],[129.2511959790786,35.38572335541012],[129.25094668120528,35.38455126689973],[129.25039156148497,35.38375884545871],[129.24920193352534,35.38348822969169],[129.24735996356802,35.38473782192817],[129.24195580589313,35.385654646093734],[129.241643078168,35.3856979395993],[129.2413090256113,35.38557914203428],[129.23669419295197,35.382265142869905],[129.23617319425344,35.380923537468576],[129.23581456420902,35.38038853528321],[129.23563579756603,35.380307717934315],[129.23369256734074,35.380603662405534],[129.23282060138135,35.38091376446993],[129.23234538186537,35.38122311682743],[129.2311959140502,35.381614901407445],[129.2304019823335,35.3814703040089],[129.2262847914104,35.380602006023246],[129.22408130733706,35.380054160476924],[129.2233461392973,35.37961721925018],[129.22294898609002,35.3794718423331],[129.22267108895582,35.379407415893716],[129.22198391709895,35.379298477678624],[129.21772140923156,35.37867306903836],[129.21735550582162,35.378687660471414],[129.21095340311945,35.380436132744606],[129.20903144250582,35.38099659211491],[129.2087084758063,35.38117127544707],[129.20431298423117,35.38428861594497],[129.2033959549884,35.385153719966716],[129.20321462770713,35.38550157323837],[129.20314734785833,35.38582899820247],[129.20297368420788,35.38786983020016],[129.20368879462248,35.388911919078936],[129.20535145745305,35.391590250437396],[129.20538887811128,35.391714448327],[129.20556394059082,35.3922594786393],[129.2057099592015,35.39265407638184],[129.20591169989996,35.39307758039885],[129.2060066350852,35.39327070436874],[129.20609127530648,35.393400336677075],[129.2061420343631,35.393466520252225],[129.2062570705332,35.39361266501217],[129.20709036973028,35.394363675077145],[129.2071798914088,35.39441736831345],[129.20733514590196,35.394464047667036],[129.2074566626835,35.39449974056242],[129.20762210031126,35.394568480809355],[129.20783995967636,35.39469097386986],[129.20808319265976,35.39484242975353],[129.20818460434498,35.394930620549566],[129.20827251488353,35.39501053755256],[129.2094899409781,35.39627030465555],[129.21005979661206,35.39686712052974],[129.21015463548366,35.39702157473761],[129.21018862472317,35.397123682790486],[129.21062101203026,35.399336040893516],[129.21071893163688,35.400027542830806],[129.21072927675877,35.400115883530646],[129.21519253919047,35.40387101138645],[129.2152533742089,35.40400103251501],[129.21536075569162,35.404570896901774],[129.21548286534838,35.40498585316783],[129.21568770737963,35.405233337591994],[129.21715004171878,35.40678947277942],[129.21724857002738,35.40686985928499],[129.21882072945843,35.40770225876386],[129.2192899470906,35.407819146961224],[129.21958414099254,35.407896732794846],[129.21971292453173,35.40797086596542],[129.2198116074136,35.40810700077705],[129.21996364600562,35.40839796027323],[129.2199949023348,35.408769680617276],[129.21992337507757,35.40901228289672],[129.21985983378352,35.409166495362804],[129.2192512537772,35.41042951341157],[129.2186489818087,35.41146539268937],[129.218242345471,35.41213532442219],[129.21759556105798,35.413062891560855],[129.2174371749625,35.41323047675108],[129.21642532303161,35.413851922488334],[129.21572282717497,35.414193964194105],[129.21556411283362,35.414237634709096],[129.21255916229774,35.41751456015491],[129.2113390739107,35.41907516944114],[129.21118814228788,35.41920555576128],[129.21034984461795,35.41971510057086],[129.21023640503225,35.41972149113353],[129.20808494739464,35.419983991110605],[129.20729862535245,35.42012164536065],[129.20312547619264,35.42093556456529],[129.20270710250614,35.42115073239313],[129.20214811112672,35.42145528659789],[129.20201989529093,35.421604216249705],[129.20018266743116,35.42413235901487],[129.20019042946143,35.42421291314364],[129.2010920107974,35.42880727304583],[129.20220153355308,35.42999278572434],[129.20303846803003,35.43028945101275],[129.20524923229993,35.431055871936174],[129.20600185884086,35.43120463809449],[129.20634214740824,35.43125227076587],[129.2067280918296,35.4312569852329],[129.20690469556843,35.43125131121451],[129.2069832715995,35.43127798585472],[129.20710128527725,35.43138495713846],[129.20876176314042,35.437240857053226],[129.20888136904927,35.43796400892337],[129.20889574168703,35.43846765080242],[129.20889891912842,35.439756562556],[129.20870345976275,35.44006768992004],[129.20863168755395,35.44015174460278],[129.20863195261808,35.440264253794886],[129.20867799850043,35.44035527930108],[129.20886172919785,35.440569292757836],[129.2091238790787,35.44075102731587],[129.21182513076099,35.441804351479945],[129.21278088543016,35.442027724551885],[129.21341607180378,35.44225167328165],[129.2148340447604,35.44276191416887],[129.21490613072112,35.44280465098634],[129.21493245664885,35.44286354810358],[129.21464060860086,35.44383926288404],[129.2145504259979,35.44410977853935],[129.21451727962895,35.44420920021007],[129.2143869571999,35.44440768633433],[129.21406845009233,35.444829282476825],[129.21400329205684,35.44493656479738],[129.21401002220455,35.445006223528814],[129.21523727009455,35.446667543227704],[129.215401382472,35.44687086029586],[129.21597873957464,35.44747532348562],[129.21685006815204,35.4483773589774],[129.2169877440974,35.44848428440362],[129.21706628924989,35.44849486542071],[129.21912551754997,35.44853390323158],[129.21932824776627,35.44850676029799],[129.2195440877643,35.44846885514612],[129.21985568380384,35.44835597143849],[129.22035893475328,35.448156805641304],[129.22063993193862,35.44803306065079],[129.22086890316632,35.44802192118445],[129.22119612503786,35.44805347375306],[129.2231021761936,35.44839596426092],[129.22338392466574,35.44845738897318],[129.22342472980935,35.44847622553446],[129.22351012698618,35.448515660244176],[129.2250664409525,35.44953716207011],[129.22593802275594,35.45058713510735],[129.22606450022087,35.45073144463975],[129.22711321859333,35.451857128926605],[129.22915421204019,35.45322986078001],[129.2293038915822,35.45328520648954],[129.23028472754473,35.45364429227774],[129.2314030389452,35.45402912461271],[129.23158084798598,35.454081033805096],[129.23166948699503,35.45409092034807],[129.23172202321143,35.45408793880205],[129.2350927410633,35.453326206399595],[129.23530291298815,35.453274415768185],[129.2354722086604,35.45321576225855],[129.235516774157,35.45317679602407],[129.2355491536037,35.45313737033423],[129.23555287243124,35.453075671347804],[129.23562263050906,35.45235694485844],[129.2357881349207,35.45152914234038],[129.23587588641635,35.45136032176128],[129.23619466948003,35.45114634721325],[129.2377967708806,35.45044539506556],[129.2380948810278,35.45034844646078],[129.2414701074362,35.45003500383558],[129.2416508463674,35.45003808087457],[129.24184433685147,35.450096192000025],[129.2434121025255,35.450639365705385],[129.2442433172726,35.45100011667417],[129.24491250390844,35.451017278640734],[129.2451312326996,35.45107878704931],[129.24698149168,35.45203026072256],[129.24706570382375,35.45208512820158],[129.24720496649587,35.452277582087625],[129.24740388166455,35.45273487617313],[129.2476222029848,35.453105306027794],[129.24770795391194,35.453208369511984],[129.2479413831521,35.45345362676115],[129.2482533619379,35.4536934615649],[129.24847434210017,35.453859217433866],[129.24893992894812,35.45414647521322],[129.24899618067437,35.45416404867055],[129.2490869813174,35.454163862343876],[129.24918639728347,35.45416012072757],[129.25023792262525,35.45380255971739],[129.2523333144287,35.45304824354804],[129.25237635250423,35.453029512155226],[129.25271161283678,35.45258841492719],[129.25293339196162,35.452246491641134],[129.25346692193904,35.45152947456874],[129.25382611568907,35.45116204822009],[129.25385373451135,35.451136331690826],[129.25400575526737,35.45099482405503],[129.2540720038565,35.450953948355306],[129.25413361507893,35.45094992455162],[129.25423325257276,35.450969119739106],[129.25523427329935,35.451170725262315],[129.25550949360363,35.451243879411216],[129.25588440971663,35.45135756166241],[129.25609803965924,35.4514463524469],[129.25817684571365,35.4519947104945],[129.26173909394274,35.45291657111377],[129.26204718628622,35.45288873607944],[129.26278651188767,35.452792089725214],[129.26304237950976,35.452739131876456],[129.26698138484997,35.452433708375075],[129.26708566098478,35.45242765409057],[129.2685742260465,35.45236616544823],[129.26874019932214,35.45237355441399],[129.27196043265693,35.452663529886706],[129.2720561961754,35.4526745090753],[129.27296397319557,35.45280555445552],[129.27307424024275,35.452822217596655],[129.27323283406858,35.45286697278656],[129.27333629551143,35.45290055830755],[129.27343981146117,35.452956702925995],[129.27353741309082,35.45302936302305],[129.27861377073611,35.45715429458816],[129.27866419321467,35.457198047471806],[129.27869456130477,35.45726104162884],[129.27874533749997,35.45741448594907],[129.2788160036223,35.457988824054446],[129.2788095351069,35.458057406123366],[129.27875622970916,35.45814527448049],[129.278669480367,35.45825242188917],[129.27838879079118,35.458469689998985],[129.27902832668875,35.46030553428877],[129.2841457704754,35.462061005324365],[129.28429337638536,35.46211002440185],[129.28443087401598,35.462142611814265],[129.28456157457808,35.46215053903831],[129.28659749554515,35.4622622952251],[129.2867583175462,35.4622618983196],[129.28698933131133,35.46220925752495],[129.2872068560659,35.46213196448044],[129.28736409638117,35.462063041287095],[129.2875881914372,35.46195280027383],[129.28845621605,35.46153804336841],[129.28865692342382,35.46144432949805],[129.28908344385889,35.46124998614945],[129.28937454040005,35.46113412183076],[129.28961879422616,35.461040305174826],[129.29003211016322,35.46090631437002],[129.2904639094351,35.46078187910964],[129.29062793690454,35.46074309916267],[129.29097783405518,35.46067233111235],[129.2912993377673,35.460630430421205],[129.2915974347443,35.460605035419626],[129.292496646981,35.46048357920831],[129.2931679584696,35.460354451236576],[129.2935461933273,35.46024933282712],[129.29364996709384,35.46021892342142],[129.29408324400808,35.46004922270533],[129.29445121774538,35.459883796558394],[129.29549313670307,35.45939451303885],[129.29573724867657,35.459265040672946],[129.29604318495242,35.45908742466168],[129.296337362946,35.45890297623288],[129.29658121396488,35.458702196890044],[129.29673480263776,35.45855923192513],[129.2968933184258,35.45838471559772],[129.29715016705987,35.45807420845842],[129.2973402039293,35.45781597759742],[129.29743353123084,35.45768411909983],[129.2977103317914,35.4572916810201]]]]}},{"type":"Feature","properties":{"adm_nm":"울산광역시 울주군 범서읍","adm_cd2":"3171025900","sgg":"31710","sido":"31","sidonm":"울산광역시","sggnm":"울주군","adm_cd":"26510140"},"geometry":{"type":"MultiPolygon","coordinates":[[[[129.29580796064099,35.6443030989463],[129.29712055001406,35.642788988047876],[129.29664108686683,35.64191601560075],[129.29621332505218,35.638906167808024],[129.29619360396077,35.63838790170142],[129.29677958461926,35.635092950434455],[129.29680751606176,35.634937847020744],[129.2969993618994,35.633872596820005],[129.2978192020415,35.633199677338986],[129.29819005793834,35.6324058834966],[129.29825984946078,35.63106391623291],[129.2975789725138,35.628869901168635],[129.296976686341,35.627712567113285],[129.29652639514256,35.62722573801306],[129.29570303208013,35.62692279373662],[129.29465251534856,35.62582750807814],[129.29455467537954,35.62060984428617],[129.2946216299049,35.61847498051779],[129.295367039256,35.617924257865404],[129.2966351859234,35.61725024415045],[129.29782968933415,35.616881360923095],[129.29991450099482,35.61474152413764],[129.3001366673176,35.6141920444398],[129.29937164949646,35.60943663475325],[129.2990706897274,35.60888845910002],[129.298471243785,35.60846299297733],[129.29742295351443,35.607916652894204],[129.2965252820174,35.607674881497715],[129.29607509265244,35.607188056904604],[129.29304509684107,35.60255171427897],[129.2929069456941,35.60159928596731],[129.2929037336328,35.60071323239624],[129.2928550430372,35.60053038143342],[129.29280940654837,35.600359040561464],[129.29159227222152,35.59828607986424],[129.2914057213644,35.59815994498208],[129.29009988111395,35.59727701741874],[129.28953770778094,35.59618978047934],[129.28947295603658,35.59543047270178],[129.29012851809395,35.59482740188277],[129.29031548878513,35.59423108156372],[129.29117005545575,35.59039356853679],[129.29114353575588,35.58872434944529],[129.29109949770833,35.58693605252766],[129.2910243387169,35.58631839093344],[129.29099657082364,35.58619935768359],[129.29095966974845,35.58608033847221],[129.29072088448726,35.585589633671646],[129.2906568029144,35.5855153484048],[129.2892033742614,35.584409672817],[129.28913942142557,35.58436517079938],[129.28872850330202,35.58417261931062],[129.28862810082617,35.584135635811045],[129.28612779930407,35.58342693467692],[129.285899857009,35.583412593088966],[129.28569033312715,35.58345030742781],[129.28389505249464,35.583990485642325],[129.28216561243687,35.583915130635795],[129.2778231564454,35.58519331402689],[129.27356439371377,35.5860567312696],[129.27328581803272,35.58612645991214],[129.27303222859445,35.58622053802027],[129.27270435466733,35.58637544836904],[129.2725232898194,35.586483133292106],[129.2717517107489,35.587034384834915],[129.27131031245,35.58720762251497],[129.27100934448842,35.58731492939808],[129.27055754936165,35.58738154518297],[129.27022610537603,35.58739048815277],[129.26778398643677,35.58701041659767],[129.26747220743604,35.58689627866141],[129.26733112142057,35.58675714894441],[129.26705879659036,35.58641326739449],[129.26678614710568,35.585979167909976],[129.26601754446358,35.58438968856305],[129.26537026840978,35.583037779022916],[129.26529863061526,35.58263604121699],[129.26529782226316,35.58238999459092],[129.2654838246988,35.580913230073655],[129.26331349738325,35.58065550013935],[129.26234076746573,35.581125125116024],[129.26217096404648,35.5811544006158],[129.26209984544192,35.581166656403006],[129.26187887846035,35.58116711795841],[129.2600991884573,35.58093645651514],[129.2593664847265,35.58072962176233],[129.25796847890177,35.5801338618346],[129.25780746388747,35.58003577965836],[129.25711280871604,35.57952053768191],[129.25708241446014,35.5794385855914],[129.25698090735898,35.57910251147199],[129.256909279669,35.57868437081137],[129.2569087069196,35.57850392918281],[129.25694882310577,35.57848744870582],[129.25917038661515,35.575899140180276],[129.26130185916267,35.57271790410873],[129.26159872414124,35.572106371659984],[129.26188912354803,35.56949926167245],[129.26188739431598,35.56896981695582],[129.26148398579087,35.56742308479679],[129.26094486714413,35.56622193202732],[129.26081022987552,35.56548635776649],[129.26106952072828,35.5624553736176],[129.2622931069466,35.56109122249476],[129.26519166137126,35.557395391562736],[129.2651177374481,35.55727900501005],[129.26437185605877,35.5558929502732],[129.26181140617228,35.554106770564395],[129.26055288229233,35.55210671634575],[129.2602857350936,35.552285220210756],[129.25988368979844,35.55255382771455],[129.25782454078123,35.55391686325597],[129.25779106828122,35.553934514570095],[129.2562534863895,35.554745014767164],[129.2543957316012,35.55317151772046],[129.2539326036982,35.55263489192426],[129.25289519318312,35.55133690538898],[129.25231253974,35.549547808607215],[129.24940149016575,35.54549402673268],[129.24718514092123,35.54392709031767],[129.24417968002646,35.54283751537055],[129.24323313539733,35.54145368176851],[129.241971725777,35.539884810399435],[129.2419206084985,35.539832489589514],[129.24184840024392,35.53977590634064],[129.24173571639992,35.53970289327573],[129.24159145861432,35.53963998886725],[129.24149297753337,35.53961432326295],[129.24133831388804,35.539600266662376],[129.24089724234312,35.539593969153984],[129.2401616983465,35.53955370229642],[129.23900448752266,35.53948137836132],[129.23881632046357,35.53946203108849],[129.2374153434737,35.53717081053302],[129.23667284454936,35.53622137933872],[129.23616726445164,35.535882349377616],[129.23591416648878,35.53586414338214],[129.2357130283724,35.5358824859839],[129.2339652206223,35.536344732570335],[129.23107827979825,35.53693049609229],[129.23084486914308,35.53703433434537],[129.2296085258875,35.53752547561039],[129.229522392005,35.53755183867812],[129.22941599543935,35.537523903825644],[129.22920921369885,35.53740725484173],[129.22908598608848,35.537327062317765],[129.2289460030131,35.537224644726244],[129.22885267649227,35.53715443582646],[129.22868710805884,35.53701113531023],[129.22858497680426,35.53693089129561],[129.2283302538171,35.53675808303133],[129.22814677847768,35.536680383123425],[129.2280025508944,35.536634705317944],[129.2237019162066,35.535608645209265],[129.2164610756498,35.534080195627546],[129.21619854117273,35.53404297262678],[129.21593967280347,35.53405648198131],[129.21577487537684,35.534103154676636],[129.21551089300436,35.53419059661431],[129.21501706973748,35.534376250574475],[129.21458959032668,35.53449082980358],[129.21434513165397,35.53458402462738],[129.21412197521516,35.53469166518035],[129.2140007384933,35.53477957341384],[129.21390342788666,35.53486527163992],[129.213340285958,35.53548589913133],[129.2132944143176,35.53557731364971],[129.21262235618167,35.537616438149755],[129.21254866864948,35.537920951382674],[129.21252428653978,35.53808624743291],[129.21253001886203,35.53824567227492],[129.21256045275896,35.53835577321717],[129.21267103219594,35.53859619526148],[129.21279857039056,35.53887933786389],[129.2129350360387,35.53918711494196],[129.2129993203695,35.539358031752165],[129.2131315402,35.53972742367562],[129.2131415534487,35.53983104228712],[129.2131036122598,35.53989995718463],[129.2121994638405,35.54136550959717],[129.21212515250522,35.54142940531278],[129.21204895823317,35.541455632879966],[129.21034806855863,35.5413861147579],[129.20945812406586,35.54116226857691],[129.20930092165418,35.54106759179838],[129.20861543106776,35.54069914835849],[129.20853739850693,35.5406949514131],[129.2067794039501,35.54117917573335],[129.2067130166832,35.54122348829309],[129.20665554111616,35.541290984688374],[129.20581401640422,35.54232155050905],[129.20355063819963,35.5434315819712],[129.20345680974268,35.543492625317384],[129.20338157987382,35.54354856277556],[129.20326474096984,35.5436357149292],[129.20320989093406,35.54368654114843],[129.20313561977753,35.5437721794308],[129.20275020830593,35.544255497282776],[129.20272193055945,35.54429323636046],[129.20087177407925,35.54843163560938],[129.20110916451674,35.55118232989561],[129.2012834652239,35.55137627244999],[129.2013315780427,35.55146895606862],[129.20133698632526,35.55150374919161],[129.20174141880557,35.554558104115706],[129.20207451246566,35.55928739514473],[129.20204496164138,35.55950156717807],[129.20196835092702,35.5600224823985],[129.2007842574307,35.565509447179686],[129.20069214967063,35.565854640982266],[129.20061287600635,35.56601244008004],[129.2005573423286,35.566107289297335],[129.2004875239271,35.566161657587],[129.20023938961307,35.566197252729246],[129.19971282168115,35.56621939101046],[129.19929024143553,35.566230713842735],[129.19887417458685,35.566236723523],[129.19846572840012,35.56622573510452],[129.1980832177621,35.56619021166668],[129.1975588109572,35.56614077003451],[129.19575255015025,35.56598899039414],[129.1953514402048,35.56598096780009],[129.19524719180916,35.565982580194735],[129.19516947043329,35.56598560263269],[129.194948657189,35.566014829085375],[129.1948233175988,35.566058334355716],[129.19475093912502,35.566091659380476],[129.1946908240805,35.56612774010113],[129.19460454171852,35.566198722757264],[129.1945498705593,35.56624790184059],[129.19449095037277,35.5663584393348],[129.19443590334848,35.56661046631423],[129.19443643983635,35.56683713790518],[129.19444831360244,35.56699664111043],[129.19456208969817,35.56728232690641],[129.1946798975612,35.56748661616774],[129.19477359848383,35.5676156491327],[129.1949417186322,35.567815063745336],[129.19510716525932,35.56800548237094],[129.1953075326324,35.56829244850091],[129.19552564266903,35.56861117800784],[129.19585558282796,35.56914193497094],[129.19589997390227,35.569229921754335],[129.19590666171956,35.56963586609111],[129.19541504058395,35.57218596901408],[129.19537530052708,35.57221207742725],[129.19534000805726,35.57223523475998],[129.1952826477049,35.572264207251436],[129.19407874046013,35.572711921739675],[129.19309852755143,35.573006878372155],[129.19299871822307,35.573025802673406],[129.1929368970607,35.57304034192419],[129.19286449286506,35.57305777946969],[129.19263157583796,35.57313511892445],[129.19255199759925,35.57317666840144],[129.19250258900436,35.573205625275364],[129.19244352492214,35.5732598559974],[129.19005112887794,35.5760189690786],[129.18982565585588,35.57633262155036],[129.18996546292698,35.577169760335664],[129.18999052751397,35.577305433514674],[129.19008320586636,35.577643119928105],[129.19013740501373,35.57776791949872],[129.19018623380308,35.577866741946686],[129.19025437108107,35.57798451507415],[129.19040825615454,35.57812060260169],[129.19050773331298,35.57818540380523],[129.1914995456877,35.57881134809572],[129.19164732132074,35.57890391183562],[129.1939949730617,35.580460282436285],[129.19649951780747,35.58239182455629],[129.19717796287603,35.58294424780123],[129.20155053056652,35.58684277270014],[129.20165030803847,35.58695299796908],[129.2017201851954,35.58704177257793],[129.20182721236947,35.58720775572114],[129.2019485504959,35.58741030900576],[129.20206565691777,35.587623924163736],[129.20211571880265,35.587749916683805],[129.20213590736753,35.58786722756337],[129.20215386366974,35.58822450953394],[129.20212844227362,35.588859580459726],[129.20202509207792,35.590175094820644],[129.2019333202769,35.590998513005076],[129.2019095143152,35.59114031138873],[129.20138076083072,35.592888826496605],[129.20091723077456,35.59399810538496],[129.2008293697959,35.594110969074116],[129.2004047970888,35.594884955762886],[129.20040490514097,35.594931437828656],[129.2005383058482,35.595979896039125],[129.20061148094226,35.596244131803864],[129.20069157924718,35.59643861338155],[129.20078712123643,35.59655815030571],[129.20090681894487,35.59666543877732],[129.20122307703465,35.596925771528184],[129.20145090854078,35.59706714999158],[129.20353201490943,35.59979605518961],[129.20357631697627,35.5998860302163],[129.20452219907193,35.601698495111656],[129.20455227284253,35.601745711580946],[129.20458350014016,35.601777783236535],[129.2062919049595,35.6032730288458],[129.2063320150466,35.60330482636225],[129.20656121742462,35.60344158286921],[129.20662391578705,35.60347839462309],[129.20684278296457,35.603581606133396],[129.20693114672432,35.60361836331556],[129.20895389413946,35.60438032906648],[129.21193145730726,35.605245863803994],[129.21203415068493,35.605268329949375],[129.21207007247472,35.605272046686146],[129.21224347648226,35.605253284462854],[129.21239326424785,35.60523331247311],[129.21256870251534,35.60520698593909],[129.21263542574823,35.60520771783281],[129.21270008635176,35.605210961807806],[129.21272884231334,35.60522097729206],[129.21275559124345,35.60524274110148],[129.21278443290223,35.60528126962051],[129.21360375297263,35.60697845507349],[129.21364710703614,35.607076099810236],[129.2136863967843,35.60718591790576],[129.21370817773487,35.60727521398317],[129.21372394275807,35.60741359247901],[129.21372613039554,35.607468123298425],[129.2137150152755,35.60753733443094],[129.21370591147942,35.607585998299534],[129.21369469839178,35.607616201948616],[129.21366403284463,35.60766534653447],[129.21363540530143,35.60770901332042],[129.21360269092696,35.60775521471634],[129.21283608083795,35.60857567444477],[129.21213260969014,35.609213138926016],[129.21202501824845,35.60928126442667],[129.21196766139235,35.60933085644033],[129.2119533540776,35.60935499609058],[129.2119504121451,35.609402609435335],[129.21186555449881,35.61191376874967],[129.21186874463234,35.61195612470301],[129.21217706411716,35.61329561897496],[129.21220397591995,35.61337860738734],[129.21222099047344,35.613409192176256],[129.21225236207604,35.61343389329632],[129.21236440737422,35.613501215598845],[129.21264197164675,35.61366387438331],[129.21292775149493,35.61382904361668],[129.21402401514183,35.61461981443814],[129.21610182942396,35.61627111521002],[129.21651538234815,35.61661599080663],[129.21741991545568,35.61746493475605],[129.21747037647668,35.61753027417626],[129.2174756092132,35.61756297975052],[129.21677906961335,35.622375318644],[129.21675880932557,35.622475585083336],[129.21674249473895,35.62251923031394],[129.2167149390451,35.62257884030982],[129.2166822733088,35.622648932081304],[129.21556891104694,35.62475215680315],[129.21466158418625,35.62542387383767],[129.21770188244253,35.626013734941246],[129.2212367625538,35.6281877289181],[129.22126139563943,35.62824917956216],[129.22130443134728,35.62833672578169],[129.22133559965295,35.628383567656634],[129.2213714967313,35.62843115240014],[129.22142482007033,35.62849869017978],[129.2223143602893,35.6295639393329],[129.22236958579384,35.629629170420834],[129.22247618012474,35.62973581277198],[129.22270824578106,35.629946125305835],[129.22311987532302,35.63027288314734],[129.22328797007464,35.630394381693506],[129.22487470271878,35.631527618415284],[129.22499536275097,35.631607042097],[129.22516912524938,35.63170395439118],[129.22529187549836,35.63176228116646],[129.22595147954996,35.63204569045665],[129.2260333121102,35.63207833625879],[129.22714572363657,35.632508465635105],[129.22793857938146,35.63275295446714],[129.22803114320098,35.63278090847959],[129.22817892517716,35.63282044336135],[129.22827144694062,35.632833154043475],[129.22837182252152,35.63283766713633],[129.23280886284203,35.63288191760556],[129.23287049810867,35.63287710914831],[129.23295503491948,35.63285352699619],[129.23299510680783,35.63282651610933],[129.23302224614486,35.63279248279247],[129.23305862504267,35.63273150181425],[129.23313556191835,35.632565026829795],[129.23315979150263,35.6325087543891],[129.23318979334923,35.63247356376263],[129.2332255668186,35.63244889008914],[129.23328141608573,35.63242770121252],[129.23982580098345,35.630183575864415],[129.23997191900597,35.63013760346242],[129.24069029240002,35.62991949445826],[129.24084643100238,35.629873500581084],[129.2409388338181,35.62984755350777],[129.24115659749862,35.629789710468195],[129.24172181212427,35.629653897461495],[129.24208931272582,35.629569997893036],[129.24237587663706,35.62950968977349],[129.2424360730726,35.62950019767592],[129.2424877059618,35.62950595597017],[129.24251789601433,35.629531663998556],[129.24345488886033,35.63144371704157],[129.24349529495876,35.631531476002216],[129.2435170623081,35.63161928301609],[129.24352248484743,35.63175281076892],[129.24352289407403,35.63188867750632],[129.24347062482914,35.63261733593351],[129.24346002410905,35.63266889916246],[129.2432111194422,35.633577168401956],[129.24294932766992,35.6344924940375],[129.24293385804128,35.63458974340066],[129.24293401557256,35.63464596676006],[129.24294135951845,35.63470217265468],[129.24296092932693,35.63477475790863],[129.24298265882263,35.63484381763094],[129.24304485015776,35.635025254138554],[129.24311481188033,35.635162158727915],[129.2439205291214,35.636552058301014],[129.24403653846983,35.63674627088101],[129.24409559164923,35.63683398935077],[129.24417904104325,35.63692283923469],[129.24423653580686,35.63697308804893],[129.244359396275,35.63706068721267],[129.2445476106111,35.63718212799935],[129.24451262655353,35.63912773943333],[129.24403540323377,35.640642049905644],[129.243806863901,35.64354849862136],[129.24380361380872,35.64366329836016],[129.24380253840457,35.643781607746064],[129.24386236622547,35.64483096852754],[129.24387689435622,35.64489652888265],[129.24389712263624,35.64494568208955],[129.245449450627,35.648243298113805],[129.24764602081777,35.64904001711751],[129.24770584610172,35.649050416751955],[129.24788577204484,35.64915569335246],[129.24864020263757,35.649810815401885],[129.2486893181992,35.64986316503729],[129.24932185741315,35.651204767548755],[129.25015716797304,35.65307046989497],[129.25017413255577,35.65311510319479],[129.25221236512542,35.656597384465464],[129.2541603846396,35.65877451859247],[129.2551742920823,35.660339192100196],[129.25609339857775,35.65996855335754],[129.25627827136336,35.65986058555259],[129.25644856241854,35.65972165784342],[129.25741992062635,35.65885149071575],[129.257528586238,35.65873168146887],[129.25759565892136,35.65863187710978],[129.257657243433,35.65851422273235],[129.25769888204644,35.65834322336977],[129.2579274708385,35.65760282760096],[129.2581287780339,35.65703199610143],[129.25825938492747,35.65680007058996],[129.26007797423347,35.65450517844181],[129.26023914507346,35.65441839859484],[129.26035520917208,35.654378609301276],[129.2604700055691,35.654353081371376],[129.26152323637388,35.65421842651642],[129.26237984225142,35.65411685128775],[129.26260863680227,35.6540839541398],[129.26280797614942,35.654047607738974],[129.26471421981532,35.65365759788204],[129.26499586269773,35.65356305717263],[129.26784326190895,35.6522589813935],[129.26795315627785,35.652193814153414],[129.26950008999398,35.65104352825378],[129.2716328878898,35.65214764191567],[129.2719759167582,35.652281717228924],[129.2735893862047,35.65272299460683],[129.27381628766486,35.652775760822514],[129.27404999512916,35.65281307456018],[129.2742854113907,35.652846187780256],[129.27475665859498,35.65288425806937],[129.27487005494086,35.652892411104],[129.27528992789965,35.652890107182444],[129.27548737371808,35.652867230904725],[129.27587553273065,35.652786506277096],[129.27634562559047,35.652639636984],[129.27642963781145,35.65259598608095],[129.27652141112407,35.6525160629793],[129.27664100478663,35.65240255475051],[129.27675564618923,35.652276119762575],[129.27706132798502,35.652006775524896],[129.27745959418527,35.65169508306803],[129.27837723500673,35.651163926337524],[129.27865794823424,35.651003605494545],[129.27907526697314,35.650781586760516],[129.2805285759884,35.650141342277486],[129.28191908692375,35.64957087685298],[129.28214378104911,35.64949046258073],[129.28219095002558,35.6494779492648],[129.28226135552694,35.64947776985605],[129.28236275355258,35.649494356695946],[129.28247458402186,35.64955157043379],[129.2834390490004,35.65018363295783],[129.28350544387533,35.65023065916683],[129.28356923841858,35.65030200681604],[129.2836004956092,35.65039725845167],[129.28363547343952,35.65057240499149],[129.2836592956433,35.650660025518064],[129.283669937506,35.65069915908956],[129.28382042923246,35.65100720616038],[129.28401139811834,35.65122649683541],[129.28417344361787,35.65139994422187],[129.28425110676304,35.651463981196244],[129.28436215084005,35.65149986071552],[129.28443083211343,35.65149408918664],[129.28451482363596,35.65144762933259],[129.2902175362257,35.64797271511827],[129.2903174321846,35.64789425569584],[129.29036933824165,35.64779459961027],[129.29041417921428,35.64754917513245],[129.29043477632652,35.64722029190473],[129.2904575521884,35.6469807677038],[129.29048869808668,35.646759330332],[129.29061192145264,35.64650663426907],[129.2918223193547,35.6452064715009],[129.29189618831825,35.64515652236827],[129.2920810386662,35.645090311687106],[129.29506960299508,35.644373197735966],[129.29529376080458,35.64433354047872],[129.29557457780177,35.64430796051637],[129.29580796064099,35.6443030989463]]]]}},{"type":"Feature","properties":{"adm_nm":"울산광역시 울주군 서생면","adm_cd2":"3171031000","sgg":"31710","sido":"31","sidonm":"울산광역시","sggnm":"울주군","adm_cd":"26510310"},"geometry":{"type":"MultiPolygon","coordinates":[[[[129.3465058265487,35.389417505065275],[129.34661837643844,35.38866714146648],[129.3471330810776,35.38720689744458],[129.34771635673675,35.38636685972185],[129.34803055962115,35.386150959048884],[129.34846105272294,35.38585516743055],[129.34952136749175,35.38575167596448],[129.35066471399304,35.38676533790804],[129.35168885572742,35.38715975929193],[129.35234073438104,35.38693988704505],[129.35296734446376,35.38585037752481],[129.35284569390097,35.38514833454601],[129.35169512603116,35.38388622841725],[129.35097946171945,35.38365153285884],[129.35028301631053,35.384079446739754],[129.34999619625577,35.38466512384956],[129.34919612608905,35.38501217561121],[129.34838164677078,35.38486225199792],[129.34744555124468,35.38401029286805],[129.34684162116514,35.38321123940723],[129.3465505162801,35.38282604293641],[129.3458543015692,35.38151362572251],[129.34545094041695,35.37982259405837],[129.34541499129054,35.37858022524574],[129.34555508774383,35.376422864356556],[129.34812249322334,35.37591720987135],[129.3513488326806,35.37544012459655],[129.35596181804638,35.37390003894265],[129.35610567359785,35.37362384066839],[129.35639726345454,35.371463502139065],[129.35616841740483,35.37055638724423],[129.3556492130222,35.37011071780493],[129.3553842054001,35.36970152801067],[129.35620704116798,35.36840098076863],[129.356711763481,35.36834970565825],[129.35857291573646,35.36794047835883],[129.36076529758867,35.36673747875346],[129.36141215062506,35.36635193929492],[129.36328744041782,35.361218701651474],[129.3615918923039,35.35861662526364],[129.35990735689035,35.35650153396353],[129.358990016441,35.355572528580495],[129.35799391753358,35.35515690422117],[129.35542204388202,35.354587721970276],[129.3542757917771,35.35470218330109],[129.3536124000144,35.355093857479226],[129.3529906182811,35.35562804453459],[129.35244312617527,35.355670479129884],[129.35238052603685,35.35567533082012],[129.35184974603396,35.35566408790332],[129.35078969339767,35.35513855090728],[129.3482027004434,35.353397385130386],[129.34720901870747,35.35250982025932],[129.3445497221658,35.352295146764014],[129.34444213236807,35.35368813575597],[129.34410477543483,35.35427477842667],[129.34177743878206,35.356060184851245],[129.34072824078456,35.356536299014955],[129.33956949503923,35.35672448075006],[129.33763999599532,35.356513195868054],[129.3357503672826,35.355928180376964],[129.33451242784935,35.35512337829907],[129.3341356881278,35.35434336662245],[129.33451177617152,35.353341661002126],[129.33479980105844,35.35279741448471],[129.3337326737817,35.34913023793694],[129.3335208103744,35.34880283544331],[129.3321513542446,35.34758542843376],[129.3303286683221,35.34719272109727],[129.32882125706215,35.34698109684867],[129.32841312902355,35.346975599937394],[129.32808769050544,35.34740099637667],[129.32789406262967,35.34765410273782],[129.32747537156834,35.34784936132125],[129.32547665146805,35.347495187032436],[129.32270554005643,35.34597564019756],[129.32230764625726,35.344579282324],[129.3224823991805,35.34388077193461],[129.32240823816977,35.342999739001364],[129.32224062119906,35.34229501954009],[129.3213868830562,35.340102943047675],[129.32077977378418,35.33900932431403],[129.31913852594252,35.33805604944253],[129.3186021604956,35.33794256087433],[129.31841303317552,35.33816461228173],[129.31790399437898,35.33838550706461],[129.317292338957,35.33772434662062],[129.31639235447355,35.33633275405956],[129.315782862766,35.334479797663185],[129.31411235541145,35.33090683835681],[129.3136442275032,35.33046000246084],[129.3106122342259,35.33060084875033],[129.31011592896965,35.33094182099579],[129.30956787915548,35.331242344676056],[129.30903861075043,35.331395409433334],[129.30745239843702,35.33113615833579],[129.30579417788562,35.330464620753204],[129.3045309283998,35.32951391038803],[129.30391506132156,35.33093389853091],[129.30336082386629,35.33166504327292],[129.30321047492822,35.331821983661776],[129.30169639029327,35.33340239279125],[129.30087518247925,35.33424367115649],[129.29983893225096,35.33495302674761],[129.297704848088,35.33553116371195],[129.29654063434236,35.335565444670024],[129.29317930497774,35.33594681619926],[129.29206012488774,35.336537539993564],[129.2911766425999,35.33778640028564],[129.290891493882,35.33865667186572],[129.28936231055442,35.34014424680471],[129.28917369098042,35.340209955742175],[129.28660067752443,35.33997396547664],[129.2862340771943,35.33974239675203],[129.28584697889866,35.33949787703957],[129.28553300871545,35.33923404090689],[129.2854979915518,35.339204617883816],[129.28428445613318,35.339429246306125],[129.28403976918233,35.339474537305165],[129.28256025264056,35.339778882340866],[129.28245825722604,35.33979986290561],[129.2798561764195,35.34151435380756],[129.27987872788023,35.34170263633866],[129.28028832797824,35.34203540368145],[129.2814307349157,35.342572088963294],[129.2818811308656,35.342975396729614],[129.283767706476,35.34567863307003],[129.28384729796971,35.34597253084411],[129.28456249504035,35.35075587089275],[129.28459568780377,35.35101997812529],[129.28447656478127,35.352270059450795],[129.28345841552445,35.35344409572167],[129.28243841201513,35.35390594230149],[129.28057117776203,35.35610662663765],[129.28080185956767,35.359191473728245],[129.28098594219477,35.36047767101272],[129.28254685913362,35.3619157709914],[129.28326103607367,35.362512599764656],[129.28350875658538,35.36271420228059],[129.28318077509877,35.365225130019454],[129.28091377081472,35.36556124271076],[129.27971044445923,35.36578301657527],[129.2785637021301,35.36788257120271],[129.2776027709101,35.370175186704195],[129.27731469668402,35.37131542823758],[129.27671199554348,35.37240123489039],[129.27250067790226,35.37692397116634],[129.2715828676475,35.377845045492215],[129.26961134703194,35.37935662643115],[129.26826914763018,35.379906149134506],[129.26732087434084,35.381449462055066],[129.2667655991652,35.38336223190009],[129.2658064464489,35.385422920944485],[129.2653734254332,35.386270762311355],[129.26569102492726,35.38777569790783],[129.26555260654186,35.39008282966761],[129.26543860125904,35.39091923921013],[129.2652718261738,35.39169365351738],[129.26512191786364,35.39226735560527],[129.26509919616353,35.39246234447512],[129.26510600483064,35.39275855258873],[129.2652066829743,35.39320270686205],[129.26525363859946,35.393279048418705],[129.2659506433053,35.39399422955823],[129.2664232272975,35.394270316322945],[129.2687896382516,35.39491969421279],[129.26909916812352,35.394957229096676],[129.26942606548403,35.39495172692493],[129.2696243781116,35.394898739620956],[129.26979918596712,35.394802778229334],[129.2698746871395,35.394683162211166],[129.26997843772557,35.39428635856814],[129.2700011644255,35.39424655595385],[129.27032739902182,35.39405793076157],[129.27076854489923,35.393827538216776],[129.272121646759,35.39317716226939],[129.27399398927258,35.39278565217514],[129.27645652806487,35.392009477859645],[129.2770575255105,35.3915161269527],[129.2772380407101,35.39085816521823],[129.27724941146073,35.39077534092893],[129.2772296750624,35.39068781576941],[129.27714378522563,35.390586118136675],[129.27701126480494,35.390490892638915],[129.2767971310502,35.390405392664015],[129.27655587864135,35.3903518388702],[129.2763495185262,35.39026789970602],[129.27624039029743,35.39018853720795],[129.27606858572622,35.389978763258284],[129.27589673406985,35.38975148719608],[129.27579877205065,35.38952562895959],[129.2750145060867,35.38755950149232],[129.27497519065258,35.38743221708805],[129.27491576901605,35.387105967362636],[129.2747598250832,35.38582783187729],[129.27475158844877,35.385694089104064],[129.27475492800554,35.38552850682715],[129.27478386949446,35.384882021410085],[129.27481863236488,35.38481506958127],[129.2763549368539,35.38269402741669],[129.27648280430236,35.38256636175766],[129.27666506747494,35.382435393181446],[129.28122893830366,35.3800685451668],[129.2816110032001,35.379875395882074],[129.28188504840452,35.379807505353064],[129.2820016028772,35.37978493952718],[129.28615658807433,35.379525253411174],[129.28989751615933,35.377540785170126],[129.29004670446847,35.37730159880813],[129.2902209153566,35.377069175321026],[129.29049493852102,35.37677510325653],[129.29110239792405,35.37649387257613],[129.2915797133813,35.376497669450785],[129.29176089949158,35.37649912281007],[129.29223620344592,35.37655256685845],[129.29288737316716,35.37683759223183],[129.29336368184067,35.377170806557814],[129.29367329265614,35.37750442442803],[129.2955031689729,35.37962551490882],[129.29583981830817,35.38133467089433],[129.29589106397066,35.38152879219089],[129.29610673956927,35.38203934678714],[129.29624391890735,35.38233992223672],[129.29643567732646,35.382686539688784],[129.29654104541902,35.382794551966064],[129.29875093139896,35.38425878008568],[129.2989145061915,35.384337889973736],[129.29909887900854,35.38442345138625],[129.29923577227353,35.38445203391532],[129.29938160998108,35.3845058829991],[129.29972193265243,35.38464239018628],[129.29993779846163,35.38484328731065],[129.30021264917923,35.38517872775111],[129.30057570298652,35.385686486296656],[129.30069993071032,35.38586688302669],[129.30101134324917,35.386695998941235],[129.30106492880992,35.386862128756],[129.30110534873674,35.38705359697709],[129.30182057302824,35.39188108077548],[129.3027416029337,35.393974717786236],[129.3027646518309,35.394212817710624],[129.30222256212443,35.395488009201664],[129.30394306361072,35.3994237464356],[129.30583613606603,35.401323994720855],[129.30765924858974,35.40357273565306],[129.3080428804964,35.40470914601871],[129.30839736261106,35.404544588872064],[129.308639311132,35.40445195215926],[129.30899272812746,35.40431665413392],[129.31052710046535,35.40380775256917],[129.31221000395252,35.4033200949483],[129.31244020269227,35.40329471473125],[129.31270922635167,35.40325456742206],[129.31303006245201,35.40315958831299],[129.31331742881142,35.40303572996058],[129.31342933855896,35.40298044057949],[129.31476412238817,35.40206306329973],[129.31553374594537,35.401504350935966],[129.31725406363543,35.40034823660768],[129.3184527650005,35.39958050690427],[129.31929179512218,35.399097474399206],[129.32007622093653,35.398648300379115],[129.32124429754572,35.39812637008815],[129.3287735566245,35.39561644133883],[129.32996185754524,35.39522831656708],[129.33154382802596,35.394772289617535],[129.3332881902837,35.394310298984415],[129.33366132877256,35.394216617432775],[129.3357817294178,35.39368425283145],[129.33831164387863,35.393162627682905],[129.3403054438645,35.392757186212556],[129.3408774885696,35.392640843101425],[129.34163252169589,35.39245322400744],[129.34192892063044,35.39236626239217],[129.34243557288707,35.39221759681763],[129.34308600883531,35.3919705523945],[129.34367978673245,35.39170556714673],[129.34426530924176,35.39138673495501],[129.34468207833137,35.39109229922186],[129.34516268432603,35.390678012758464],[129.3465058265487,35.389417505065275]]]]}},{"type":"Feature","properties":{"adm_nm":"울산광역시 울주군 청량읍","adm_cd2":"3171026200","sgg":"31710","sido":"31","sidonm":"울산광역시","sggnm":"울주군","adm_cd":"26510150"},"geometry":{"type":"MultiPolygon","coordinates":[[[[129.23667284454936,35.53622137933872],[129.23810503859664,35.53628763037831],[129.2382772435476,35.53628871596355],[129.24457772238063,35.53582363895979],[129.2476201129363,35.53360944059131],[129.24785114323453,35.53338511741658],[129.2478977574251,35.5333754994124],[129.24837353544692,35.533277519844354],[129.24930984807963,35.533181370673084],[129.25397290060658,35.5328215835992],[129.25446923370657,35.53312709451468],[129.25511222246115,35.533828346266795],[129.2558543690808,35.53328694931765],[129.2589522860071,35.53113700085446],[129.26235530996235,35.5298041962181],[129.26248547472986,35.53019492234276],[129.2625596074574,35.53041555531693],[129.26386381864089,35.53075905396904],[129.2642187611812,35.53077988260129],[129.26433897770124,35.530786600575844],[129.26720393002685,35.53065507098759],[129.27241261469197,35.52978424752212],[129.27427750200798,35.529172494412094],[129.27482942365583,35.52836364639281],[129.27405047571276,35.527433466246364],[129.2737066352007,35.52703660275111],[129.27287395823436,35.52607548284637],[129.27470053798874,35.52363856565887],[129.27685934223794,35.52182271069909],[129.27773048465008,35.521945434070496],[129.2792605758979,35.52153088162948],[129.28064171539742,35.52064913212826],[129.28191708441895,35.51945400625552],[129.28147831715768,35.51935568692152],[129.2805206780362,35.51913906021835],[129.2803527963411,35.518832781357645],[129.28132031596112,35.517232375344],[129.28173150909475,35.517049253990464],[129.2821876211519,35.51684867743891],[129.2826771119886,35.51699098271232],[129.28283452615887,35.5170368681932],[129.28317881643468,35.51712355642761],[129.28353581385596,35.51711362424028],[129.28632668715244,35.51612657122008],[129.28676333881194,35.515966329518854],[129.28742153131233,35.51522259138358],[129.28827163948506,35.507829308757934],[129.28886511143168,35.507806343717824],[129.2894050141342,35.507785448936154],[129.29016416399548,35.50775606425428],[129.29103450737526,35.506532163194024],[129.2924074153712,35.50450011772683],[129.29420869043005,35.502206266539176],[129.2977830045093,35.49797954119215],[129.30148225047515,35.49446937766787],[129.303794894888,35.49453789685782],[129.30443467105178,35.49607086955438],[129.30786431789315,35.49739386973951],[129.30907271405385,35.49726939124375],[129.3097405731317,35.49699720911164],[129.31015455526676,35.49678826100631],[129.31148594604866,35.49600068045976],[129.31177280400493,35.49581013654748],[129.3119986406439,35.49557453914671],[129.31216551800833,35.495377283565404],[129.31398607123282,35.49237556412667],[129.31403104070534,35.491137162720584],[129.31934198908223,35.49110678622801],[129.31943138716724,35.491106114905364],[129.31943047553736,35.4909862533468],[129.3193765872116,35.484830916609],[129.32663620631598,35.48481671842739],[129.33014606707587,35.48480969883197],[129.3308223461185,35.48476683824559],[129.33120796276955,35.48469385092681],[129.33126199586638,35.48468043557213],[129.33144175562242,35.48460607727699],[129.3316931769499,35.484472704371065],[129.33182506875326,35.48437625934059],[129.3319826805798,35.48424704097904],[129.33214075992296,35.484070223157765],[129.33230020874848,35.483886467870505],[129.3324467150068,35.48367466794743],[129.33258386203522,35.48345686526306],[129.33286609380187,35.483021436341595],[129.33296762166952,35.482879319715956],[129.33310264760942,35.48275896156138],[129.33328362424578,35.48265109602539],[129.33347881172344,35.48258003878336],[129.33515420989292,35.48244313555639],[129.33570435294038,35.48240599445165],[129.33654794724978,35.48193711483402],[129.33683414783968,35.481754928252336],[129.33704964830696,35.48159146035536],[129.33728918357673,35.4813125813005],[129.3374516022054,35.4811170111177],[129.33757504562521,35.480949158415754],[129.33762344260927,35.480883345027046],[129.3377497849019,35.48069713542264],[129.337900681546,35.48044968370702],[129.3379990682841,35.48024512557872],[129.33809866891326,35.48001747177113],[129.33820085957996,35.4797655933444],[129.33839241226482,35.47906226571934],[129.3384675999028,35.4787400923239],[129.3385044727116,35.47849420159253],[129.33852788274424,35.47802765261063],[129.33831446087962,35.4765634895471],[129.3382697544731,35.47625672435803],[129.33823672360163,35.475595933578944],[129.33935311294323,35.47430396080298],[129.33831306220506,35.473126629746744],[129.33777785956386,35.47283338669156],[129.33744363105052,35.47271423317146],[129.33510570008323,35.472284076678825],[129.33299495586152,35.47190782670738],[129.33236381590112,35.471811333128336],[129.33178943723107,35.47172557346175],[129.33146862535153,35.471617271955374],[129.33017090767538,35.47092219877296],[129.33010385420303,35.47084595989263],[129.32999622442728,35.470638845745036],[129.33000894675263,35.47048598987035],[129.33028884459208,35.47029966472074],[129.331260362283,35.46965295000933],[129.3320589230463,35.46907221650411],[129.33204512511514,35.46896309028044],[129.33170780693413,35.466946064930596],[129.33166241126094,35.46677545662662],[129.33143344505297,35.46627394325977],[129.3301170284129,35.46424168859656],[129.3299830206174,35.46411105552971],[129.32743900282202,35.46215304707104],[129.32733208686724,35.46212060300318],[129.32699866378775,35.462186985083626],[129.32630507683092,35.46230893535987],[129.3259846414631,35.46228796954334],[129.32437026870457,35.461627771859504],[129.32344777466727,35.46124817355584],[129.3233137726224,35.461117533597964],[129.3229518767619,35.46073643457598],[129.3228835235132,35.46033272480253],[129.3229054506056,35.45913188847952],[129.32285023641975,35.45867356402265],[129.32275659637406,35.45861922724983],[129.32145993513237,35.45794405535499],[129.32089591256764,35.45791070230303],[129.32052355411474,35.457920395232605],[129.32004272040035,35.458052005580036],[129.31994178249911,35.45809144968488],[129.31856386910277,35.45881236935189],[129.31822409225765,35.45899175791338],[129.31818170610487,35.4590354146653],[129.31815057612783,35.459235753804926],[129.31811358581766,35.4593055086481],[129.3175625330849,35.459558703919114],[129.3174508402561,35.45956770295891],[129.31735507364192,35.45956360718507],[129.31715441153727,35.459495128091],[129.3143346955362,35.45851960698819],[129.3140415647348,35.45838104071311],[129.31388684606418,35.458268238746854],[129.31377682823162,35.45812176613081],[129.31357359553147,35.457843667721924],[129.3134288724929,35.45756103311899],[129.3131830431462,35.45726999979887],[129.31306574660297,35.457200639771386],[129.31296983678536,35.45716170130231],[129.31228443391765,35.45688951369171],[129.31223123189204,35.45688964642089],[129.31209295116145,35.45689437432427],[129.30941942061847,35.45742754600488],[129.309031481376,35.457533014304914],[129.3084970359381,35.45772128716006],[129.30788101089203,35.45800583967213],[129.3076743650913,35.458224038963145],[129.30744105708504,35.458424893381945],[129.30721469082917,35.45850813105063],[129.30687440900476,35.45855688128385],[129.30612987346737,35.458624065965424],[129.3058187274903,35.45864773478897],[129.30566439310724,35.45863071454079],[129.30256466494546,35.45770388664098],[129.30253793230668,35.45766476022507],[129.30254287967614,35.457564613932625],[129.30263683896183,35.45708549665068],[129.3026410902771,35.45679377505441],[129.30260885210205,35.45671114917766],[129.30241669232544,35.456537477496326],[129.30223551308953,35.45645522242278],[129.30196944126698,35.45642976529834],[129.30029288356445,35.456447034918554],[129.3000323260872,35.45647815867267],[129.29976662241575,35.45655284027682],[129.2977103317914,35.4572916810201],[129.29743353123084,35.45768411909983],[129.2973402039293,35.45781597759742],[129.29715016705987,35.45807420845842],[129.2968933184258,35.45838471559772],[129.29673480263776,35.45855923192513],[129.29658121396488,35.458702196890044],[129.296337362946,35.45890297623288],[129.29604318495242,35.45908742466168],[129.29573724867657,35.459265040672946],[129.29549313670307,35.45939451303885],[129.29445121774538,35.459883796558394],[129.29408324400808,35.46004922270533],[129.29364996709384,35.46021892342142],[129.2935461933273,35.46024933282712],[129.2931679584696,35.460354451236576],[129.292496646981,35.46048357920831],[129.2915974347443,35.460605035419626],[129.2912993377673,35.460630430421205],[129.29097783405518,35.46067233111235],[129.29062793690454,35.46074309916267],[129.2904639094351,35.46078187910964],[129.29003211016322,35.46090631437002],[129.28961879422616,35.461040305174826],[129.28937454040005,35.46113412183076],[129.28908344385889,35.46124998614945],[129.28865692342382,35.46144432949805],[129.28845621605,35.46153804336841],[129.2875881914372,35.46195280027383],[129.28736409638117,35.462063041287095],[129.2872068560659,35.46213196448044],[129.28698933131133,35.46220925752495],[129.2867583175462,35.4622618983196],[129.28659749554515,35.4622622952251],[129.28456157457808,35.46215053903831],[129.28443087401598,35.462142611814265],[129.28429337638536,35.46211002440185],[129.2841457704754,35.462061005324365],[129.27902832668875,35.46030553428877],[129.27838879079118,35.458469689998985],[129.278669480367,35.45825242188917],[129.27875622970916,35.45814527448049],[129.2788095351069,35.458057406123366],[129.2788160036223,35.457988824054446],[129.27874533749997,35.45741448594907],[129.27869456130477,35.45726104162884],[129.27866419321467,35.457198047471806],[129.27861377073611,35.45715429458816],[129.27353741309082,35.45302936302305],[129.27343981146117,35.452956702925995],[129.27333629551143,35.45290055830755],[129.27323283406858,35.45286697278656],[129.27307424024275,35.452822217596655],[129.27296397319557,35.45280555445552],[129.2720561961754,35.4526745090753],[129.27196043265693,35.452663529886706],[129.26874019932214,35.45237355441399],[129.2685742260465,35.45236616544823],[129.26708566098478,35.45242765409057],[129.26698138484997,35.452433708375075],[129.26304237950976,35.452739131876456],[129.26278651188767,35.452792089725214],[129.26204718628622,35.45288873607944],[129.26173909394274,35.45291657111377],[129.25817684571365,35.4519947104945],[129.25609803965924,35.4514463524469],[129.25588440971663,35.45135756166241],[129.25550949360363,35.451243879411216],[129.25523427329935,35.451170725262315],[129.25423325257276,35.450969119739106],[129.25413361507893,35.45094992455162],[129.2540720038565,35.450953948355306],[129.25400575526737,35.45099482405503],[129.25385373451135,35.451136331690826],[129.25382611568907,35.45116204822009],[129.25346692193904,35.45152947456874],[129.25293339196162,35.452246491641134],[129.25271161283678,35.45258841492719],[129.25237635250423,35.453029512155226],[129.2523333144287,35.45304824354804],[129.25023792262525,35.45380255971739],[129.24918639728347,35.45416012072757],[129.2490869813174,35.454163862343876],[129.24899618067437,35.45416404867055],[129.24893992894812,35.45414647521322],[129.24847434210017,35.453859217433866],[129.2482533619379,35.4536934615649],[129.2479413831521,35.45345362676115],[129.24770795391194,35.453208369511984],[129.2476222029848,35.453105306027794],[129.24740388166455,35.45273487617313],[129.24720496649587,35.452277582087625],[129.24706570382375,35.45208512820158],[129.24698149168,35.45203026072256],[129.2451312326996,35.45107878704931],[129.24491250390844,35.451017278640734],[129.2442433172726,35.45100011667417],[129.24404267763165,35.45106032346994],[129.2435751938259,35.451341193733256],[129.2426944686236,35.45197648840717],[129.24139123863867,35.453792705589365],[129.24132865667409,35.4539475274476],[129.2409079845478,35.455523406706206],[129.24128935193417,35.45620779910685],[129.2413695248377,35.456595432647376],[129.24077106718744,35.457320537514676],[129.23970874303424,35.45832833809487],[129.23787472995178,35.45815097871929],[129.23714773852714,35.45817824512338],[129.2364847362407,35.45846392587941],[129.2363752886358,35.45887780613859],[129.23626684839437,35.45964071617773],[129.2362990339868,35.45983455639603],[129.23823622916544,35.46354393475828],[129.23794712859282,35.464828639182485],[129.23791044736336,35.46506821030748],[129.23812939149576,35.465358245073254],[129.2382230818584,35.46543448636549],[129.23834155443956,35.46546483479083],[129.23987508930782,35.46568804223589],[129.2410657416599,35.46584874377371],[129.24458002395056,35.46622900556274],[129.2464062215351,35.4663730946163],[129.24687995832042,35.46642818635344],[129.24819242741506,35.46709407839999],[129.24914535976515,35.46772379848225],[129.2507147906738,35.46911209158964],[129.25094704994052,35.46932876192218],[129.25175204282354,35.47025107644834],[129.25186561777193,35.47044026447035],[129.251865827471,35.470509564234774],[129.25176487067037,35.470745401174426],[129.2516468995425,35.47095816231964],[129.2515062521914,35.471147871212466],[129.2514671308713,35.47128192489206],[129.2514787071541,35.47136967906077],[129.25150717218247,35.47144354694025],[129.2535283650781,35.474701056778954],[129.2536190464083,35.474793259481956],[129.2536983096651,35.47484855518317],[129.2537887899203,35.47488069956197],[129.253969655252,35.47490802929833],[129.2544328517667,35.47489782119751],[129.25468702100954,35.47488343283931],[129.25483387954748,35.474873879136204],[129.25496372447523,35.47484590466134],[129.25518934911756,35.4747391616861],[129.25533045468356,35.47469728362941],[129.25547728092474,35.47468312187768],[129.25561287527435,35.47468744525658],[129.2558050503482,35.47471937858803],[129.2559860057757,35.4747790627403],[129.25622925238687,35.4748801858705],[129.25635943776868,35.47496307467137],[129.25642189606697,35.47506457878327],[129.25646749310312,35.47518922187508],[129.2568502344137,35.476446095697334],[129.2568574610755,35.47658708857742],[129.2568859090194,35.477583059911],[129.25688605743034,35.477627860352385],[129.25605381964237,35.48153539698635],[129.255864088235,35.481535789277984],[129.25577694938696,35.481546469479234],[129.25569753880586,35.48157598467028],[129.25413010036726,35.48274480226864],[129.24956880082445,35.486798253970356],[129.2493234572034,35.48706728369871],[129.2490180643203,35.48757447975011],[129.24897984507635,35.48765428314259],[129.2489800877741,35.48773190163728],[129.24899313508874,35.487809491354604],[129.24902954857893,35.487959496027194],[129.24910682776468,35.48807473555537],[129.24919180685515,35.48818993279916],[129.24942815628353,35.48846758551025],[129.249479764769,35.488574466601776],[129.24947998237903,35.4886415997108],[129.24946479820372,35.48870876054838],[129.24941387242967,35.48882424259643],[129.24910347952414,35.48913418738303],[129.24885547956177,35.48937594456112],[129.24873272566995,35.48947899240962],[129.2485688248436,35.48955484230293],[129.248406157875,35.48960971344947],[129.2477075589813,35.48978318005906],[129.24620167526453,35.48999445127394],[129.24353713644507,35.49054780310898],[129.24312485415822,35.49064157338822],[129.24291113001834,35.49076644701286],[129.24272035204436,35.490994246846626],[129.24221671180294,35.49157779479251],[129.2419571939162,35.49178069326173],[129.24177017242857,35.491874363076505],[129.24150292335983,35.4919197309109],[129.24016664436692,35.491915741072184],[129.23965503773385,35.49191289236427],[129.239364850237,35.49188183957469],[129.23909756824202,35.491822697621345],[129.23882644623777,35.49174172206997],[129.23862022226703,35.4916419998409],[129.23842926765593,35.49150950008952],[129.23830703660522,35.49138790096409],[129.2374550275071,35.490060812400465],[129.23716462884772,35.489532114521516],[129.23695822330154,35.48900025557309],[129.23676328028517,35.48846994227984],[129.23660663574066,35.488204799350434],[129.23504826040352,35.48642686014062],[129.23363875130968,35.48526512375033],[129.23355892832296,35.48522437733589],[129.23347112020616,35.48521814371315],[129.23337570464156,35.48525092602142],[129.23322684004373,35.48533833483444],[129.23257038424293,35.48575971407152],[129.2321543788316,35.48604845648474],[129.23163915417715,35.486457348628264],[129.231475057457,35.48661965360983],[129.23138728633555,35.48672577190204],[129.23129953954066,35.486908356275435],[129.23121944363157,35.48711433564038],[129.23118899973412,35.48736086213437],[129.2311585531725,35.48766980379701],[129.23118153103002,35.4878679634439],[129.2313040071615,35.488749479325925],[129.231445599902,35.48968403466949],[129.23149158152881,35.4901552339652],[129.23146492295527,35.49032999073022],[129.2314420399593,35.4903767942375],[129.23133897012744,35.49044237725417],[129.22838496368666,35.49116083377501],[129.2280146374765,35.491215582123644],[129.22776350873235,35.49131337712626],[129.22745958725395,35.491454521602755],[129.22731424625007,35.49153047650362],[129.22723531616805,35.49169281937075],[129.22719798446636,35.49253630815199],[129.22715978186122,35.493066214530586],[129.2270948498691,35.49350966311939],[129.22701627883833,35.493801765958175],[129.2263247432984,35.495867612612535],[129.2262594912544,35.496028761967516],[129.22616603473153,35.496166968736546],[129.2250364405019,35.49746356328565],[129.2246292347693,35.497630885411425],[129.22427321812262,35.4978813812838],[129.22468457086813,35.49921315377135],[129.22488956357202,35.49962918134832],[129.2251964744094,35.500045024708044],[129.22555400925108,35.50033585465538],[129.2261661089477,35.50054292215124],[129.22652341332815,35.50075045869968],[129.22667700344542,35.50100002816973],[129.22592028673367,35.50490110911308],[129.22336171408432,35.508670372544245],[129.22091627913454,35.51050482895492],[129.21809837083154,35.512161995476575],[129.21474279970647,35.512244503983126],[129.21452009891536,35.51218278940221],[129.2142797511001,35.51212834099542],[129.2136119428007,35.51206308622973],[129.21343353129387,35.5120518555724],[129.21316340885448,35.512092759628366],[129.21294816877742,35.512182685307096],[129.212651875527,35.51234638125454],[129.21148256802454,35.51311364993186],[129.21005027772233,35.51441452970302],[129.2091889195064,35.516786439675435],[129.20767363669364,35.518848837581],[129.20727908504588,35.51932615701224],[129.20705146263234,35.51952003698719],[129.20696539149898,35.519661405347534],[129.20682463942657,35.52095622097655],[129.20692044746832,35.52176956061107],[129.20726932230667,35.52366365114711],[129.207835296753,35.525041544272895],[129.2083935463777,35.526002199048165],[129.21151566525515,35.52990402848485],[129.21414774405633,35.53364188360209],[129.21483761155332,35.53424653029187],[129.21501706973748,35.534376250574475],[129.21551089300436,35.53419059661431],[129.21577487537684,35.534103154676636],[129.21593967280347,35.53405648198131],[129.21619854117273,35.53404297262678],[129.2164610756498,35.534080195627546],[129.2237019162066,35.535608645209265],[129.2280025508944,35.536634705317944],[129.22814677847768,35.536680383123425],[129.2283302538171,35.53675808303133],[129.22858497680426,35.53693089129561],[129.22868710805884,35.53701113531023],[129.22885267649227,35.53715443582646],[129.2289460030131,35.537224644726244],[129.22908598608848,35.537327062317765],[129.22920921369885,35.53740725484173],[129.22941599543935,35.537523903825644],[129.229522392005,35.53755183867812],[129.2296085258875,35.53752547561039],[129.23084486914308,35.53703433434537],[129.23107827979825,35.53693049609229],[129.2339652206223,35.536344732570335],[129.2357130283724,35.5358824859839],[129.23591416648878,35.53586414338214],[129.23616726445164,35.535882349377616],[129.23667284454936,35.53622137933872]]]]}},{"type":"Feature","properties":{"adm_nm":"울산광역시 울주군 웅촌면","adm_cd2":"3171034000","sgg":"31710","sido":"31","sidonm":"울산광역시","sggnm":"울주군","adm_cd":"26510340"},"geometry":{"type":"MultiPolygon","coordinates":[[[[129.21005027772233,35.51441452970302],[129.21148256802454,35.51311364993186],[129.212651875527,35.51234638125454],[129.21294816877742,35.512182685307096],[129.21316340885448,35.512092759628366],[129.21343353129387,35.5120518555724],[129.2136119428007,35.51206308622973],[129.2142797511001,35.51212834099542],[129.21452009891536,35.51218278940221],[129.21474279970647,35.512244503983126],[129.21809837083154,35.512161995476575],[129.22091627913454,35.51050482895492],[129.22336171408432,35.508670372544245],[129.22592028673367,35.50490110911308],[129.22667700344542,35.50100002816973],[129.22652341332815,35.50075045869968],[129.2261661089477,35.50054292215124],[129.22555400925108,35.50033585465538],[129.2251964744094,35.500045024708044],[129.22488956357202,35.49962918134832],[129.22468457086813,35.49921315377135],[129.22427321812262,35.4978813812838],[129.2246292347693,35.497630885411425],[129.2250364405019,35.49746356328565],[129.22616603473153,35.496166968736546],[129.2262594912544,35.496028761967516],[129.2263247432984,35.495867612612535],[129.22701627883833,35.493801765958175],[129.2270948498691,35.49350966311939],[129.22715978186122,35.493066214530586],[129.22719798446636,35.49253630815199],[129.22723531616805,35.49169281937075],[129.22731424625007,35.49153047650362],[129.22745958725395,35.491454521602755],[129.22776350873235,35.49131337712626],[129.2280146374765,35.491215582123644],[129.22838496368666,35.49116083377501],[129.23133897012744,35.49044237725417],[129.2314420399593,35.4903767942375],[129.23146492295527,35.49032999073022],[129.23149158152881,35.4901552339652],[129.231445599902,35.48968403466949],[129.2313040071615,35.488749479325925],[129.23118153103002,35.4878679634439],[129.2311585531725,35.48766980379701],[129.23118899973412,35.48736086213437],[129.23121944363157,35.48711433564038],[129.23129953954066,35.486908356275435],[129.23138728633555,35.48672577190204],[129.231475057457,35.48661965360983],[129.23163915417715,35.486457348628264],[129.2321543788316,35.48604845648474],[129.23257038424293,35.48575971407152],[129.23322684004373,35.48533833483444],[129.23337570464156,35.48525092602142],[129.23347112020616,35.48521814371315],[129.23355892832296,35.48522437733589],[129.23363875130968,35.48526512375033],[129.23504826040352,35.48642686014062],[129.23660663574066,35.488204799350434],[129.23676328028517,35.48846994227984],[129.23695822330154,35.48900025557309],[129.23716462884772,35.489532114521516],[129.2374550275071,35.490060812400465],[129.23830703660522,35.49138790096409],[129.23842926765593,35.49150950008952],[129.23862022226703,35.4916419998409],[129.23882644623777,35.49174172206997],[129.23909756824202,35.491822697621345],[129.239364850237,35.49188183957469],[129.23965503773385,35.49191289236427],[129.24016664436692,35.491915741072184],[129.24150292335983,35.4919197309109],[129.24177017242857,35.491874363076505],[129.2419571939162,35.49178069326173],[129.24221671180294,35.49157779479251],[129.24272035204436,35.490994246846626],[129.24291113001834,35.49076644701286],[129.24312485415822,35.49064157338822],[129.24353713644507,35.49054780310898],[129.24620167526453,35.48999445127394],[129.2477075589813,35.48978318005906],[129.248406157875,35.48960971344947],[129.2485688248436,35.48955484230293],[129.24873272566995,35.48947899240962],[129.24885547956177,35.48937594456112],[129.24910347952414,35.48913418738303],[129.24941387242967,35.48882424259643],[129.24946479820372,35.48870876054838],[129.24947998237903,35.4886415997108],[129.249479764769,35.488574466601776],[129.24942815628353,35.48846758551025],[129.24919180685515,35.48818993279916],[129.24910682776468,35.48807473555537],[129.24902954857893,35.487959496027194],[129.24899313508874,35.487809491354604],[129.2489800877741,35.48773190163728],[129.24897984507635,35.48765428314259],[129.2490180643203,35.48757447975011],[129.2493234572034,35.48706728369871],[129.24956880082445,35.486798253970356],[129.25413010036726,35.48274480226864],[129.25569753880586,35.48157598467028],[129.25577694938696,35.481546469479234],[129.255864088235,35.481535789277984],[129.25605381964237,35.48153539698635],[129.25688605743034,35.477627860352385],[129.2568859090194,35.477583059911],[129.2568574610755,35.47658708857742],[129.2568502344137,35.476446095697334],[129.25646749310312,35.47518922187508],[129.25642189606697,35.47506457878327],[129.25635943776868,35.47496307467137],[129.25622925238687,35.4748801858705],[129.2559860057757,35.4747790627403],[129.2558050503482,35.47471937858803],[129.25561287527435,35.47468744525658],[129.25547728092474,35.47468312187768],[129.25533045468356,35.47469728362941],[129.25518934911756,35.4747391616861],[129.25496372447523,35.47484590466134],[129.25483387954748,35.474873879136204],[129.25468702100954,35.47488343283931],[129.2544328517667,35.47489782119751],[129.253969655252,35.47490802929833],[129.2537887899203,35.47488069956197],[129.2536983096651,35.47484855518317],[129.2536190464083,35.474793259481956],[129.2535283650781,35.474701056778954],[129.25150717218247,35.47144354694025],[129.2514787071541,35.47136967906077],[129.2514671308713,35.47128192489206],[129.2515062521914,35.471147871212466],[129.2516468995425,35.47095816231964],[129.25176487067037,35.470745401174426],[129.251865827471,35.470509564234774],[129.25186561777193,35.47044026447035],[129.25175204282354,35.47025107644834],[129.25094704994052,35.46932876192218],[129.2507147906738,35.46911209158964],[129.24914535976515,35.46772379848225],[129.24819242741506,35.46709407839999],[129.24687995832042,35.46642818635344],[129.2464062215351,35.4663730946163],[129.24458002395056,35.46622900556274],[129.2410657416599,35.46584874377371],[129.23987508930782,35.46568804223589],[129.23834155443956,35.46546483479083],[129.2382230818584,35.46543448636549],[129.23812939149576,35.465358245073254],[129.23791044736336,35.46506821030748],[129.23794712859282,35.464828639182485],[129.23823622916544,35.46354393475828],[129.2362990339868,35.45983455639603],[129.23626684839437,35.45964071617773],[129.2363752886358,35.45887780613859],[129.2364847362407,35.45846392587941],[129.23714773852714,35.45817824512338],[129.23787472995178,35.45815097871929],[129.23970874303424,35.45832833809487],[129.24077106718744,35.457320537514676],[129.2413695248377,35.456595432647376],[129.24128935193417,35.45620779910685],[129.2409079845478,35.455523406706206],[129.24132865667409,35.4539475274476],[129.24139123863867,35.453792705589365],[129.2426944686236,35.45197648840717],[129.2435751938259,35.451341193733256],[129.24404267763165,35.45106032346994],[129.2442433172726,35.45100011667417],[129.2434121025255,35.450639365705385],[129.24184433685147,35.450096192000025],[129.2416508463674,35.45003808087457],[129.2414701074362,35.45003500383558],[129.2380948810278,35.45034844646078],[129.2377967708806,35.45044539506556],[129.23619466948003,35.45114634721325],[129.23587588641635,35.45136032176128],[129.2357881349207,35.45152914234038],[129.23562263050906,35.45235694485844],[129.23555287243124,35.453075671347804],[129.2355491536037,35.45313737033423],[129.235516774157,35.45317679602407],[129.2354722086604,35.45321576225855],[129.23530291298815,35.453274415768185],[129.2350927410633,35.453326206399595],[129.23172202321143,35.45408793880205],[129.23166948699503,35.45409092034807],[129.23158084798598,35.454081033805096],[129.2314030389452,35.45402912461271],[129.23028472754473,35.45364429227774],[129.2293038915822,35.45328520648954],[129.22915421204019,35.45322986078001],[129.22711321859333,35.451857128926605],[129.22606450022087,35.45073144463975],[129.22593802275594,35.45058713510735],[129.2250664409525,35.44953716207011],[129.22351012698618,35.448515660244176],[129.22342472980935,35.44847622553446],[129.22338392466574,35.44845738897318],[129.2231021761936,35.44839596426092],[129.22119612503786,35.44805347375306],[129.22086890316632,35.44802192118445],[129.22063993193862,35.44803306065079],[129.22035893475328,35.448156805641304],[129.21985568380384,35.44835597143849],[129.2195440877643,35.44846885514612],[129.21932824776627,35.44850676029799],[129.21912551754997,35.44853390323158],[129.21706628924989,35.44849486542071],[129.2169877440974,35.44848428440362],[129.21685006815204,35.4483773589774],[129.21597873957464,35.44747532348562],[129.215401382472,35.44687086029586],[129.21523727009455,35.446667543227704],[129.21401002220455,35.445006223528814],[129.21400329205684,35.44493656479738],[129.21406845009233,35.444829282476825],[129.2143869571999,35.44440768633433],[129.21451727962895,35.44420920021007],[129.2145504259979,35.44410977853935],[129.21464060860086,35.44383926288404],[129.21493245664885,35.44286354810358],[129.21490613072112,35.44280465098634],[129.2148340447604,35.44276191416887],[129.21341607180378,35.44225167328165],[129.21278088543016,35.442027724551885],[129.21182513076099,35.441804351479945],[129.2091238790787,35.44075102731587],[129.20886172919785,35.440569292757836],[129.20867799850043,35.44035527930108],[129.20863195261808,35.440264253794886],[129.20863168755395,35.44015174460278],[129.20870345976275,35.44006768992004],[129.20889891912842,35.439756562556],[129.20889574168703,35.43846765080242],[129.20888136904927,35.43796400892337],[129.20876176314042,35.437240857053226],[129.20710128527725,35.43138495713846],[129.2069832715995,35.43127798585472],[129.20690469556843,35.43125131121451],[129.2067280918296,35.4312569852329],[129.20634214740824,35.43125227076587],[129.20600185884086,35.43120463809449],[129.20524923229993,35.431055871936174],[129.20303846803003,35.43028945101275],[129.20220153355308,35.42999278572434],[129.20229274537917,35.431130793401685],[129.20234585679356,35.4318437487641],[129.20233586072263,35.43195312220027],[129.2022199324197,35.43213836803581],[129.20135413461642,35.433500439838376],[129.20107496424237,35.43391117785437],[129.20075073784918,35.434307074970185],[129.19997142020708,35.434773787579765],[129.19990248353332,35.43493645553245],[129.19924317186977,35.435861014241254],[129.19692940077886,35.438988705598604],[129.196848934195,35.439081532329666],[129.19669990377952,35.439239741991656],[129.19659230527577,35.439353965912204],[129.19648536752186,35.43942887386092],[129.19641400440696,35.439445234686616],[129.19635838598512,35.43941934132976],[129.19485336202362,35.43854808248063],[129.1934559539116,35.43770948851747],[129.19273844435725,35.43727622840656],[129.19218207347157,35.436864444676125],[129.18742568977183,35.43487063225611],[129.18171955492767,35.433309329712415],[129.17894860986752,35.43263343238478],[129.17540076746548,35.43317695736925],[129.1726537968551,35.433573779202014],[129.17255482688364,35.43357391626681],[129.1722420799298,35.43356106814926],[129.17166584515348,35.4335155221497],[129.17120476104384,35.433461923278365],[129.1709268003212,35.43337804996515],[129.1707053455561,35.43325195320727],[129.1704785827302,35.43304580217115],[129.17034958858497,35.432860587012094],[129.17006608009467,35.4325786775756],[129.16972105290893,35.43239798644527],[129.1691567432121,35.43221866311496],[129.16814275738142,35.431916689114],[129.1678598274283,35.4319044443772],[129.16579930000495,35.43204573442982],[129.1656440436094,35.43207878286996],[129.16557829508025,35.43213451621578],[129.16552188001685,35.43221887220569],[129.16548883625538,35.43228958978311],[129.1654351539513,35.43257713446168],[129.16534343545456,35.433007039862154],[129.1652168274057,35.43340056554176],[129.16509398636262,35.43370410103901],[129.1646987803576,35.434138629834024],[129.16425617459373,35.43428696985345],[129.16314904986862,35.43465800745717],[129.16234708662589,35.434916095763256],[129.16186890373584,35.43503048038912],[129.16162849566575,35.43505313896825],[129.16137002142136,35.435077508032016],[129.1607757594091,35.43516680978506],[129.15825000783659,35.4367268449121],[129.153405755577,35.440084367058084],[129.15309461777144,35.44036473946538],[129.15295790665147,35.4405652628687],[129.15264548548433,35.441061568600205],[129.1523580846228,35.44143270721659],[129.15209094762997,35.441635289072224],[129.15000318810647,35.442980627895096],[129.1497513455352,35.443111558212436],[129.14801883286108,35.443792049496835],[129.14786967337568,35.443821715905116],[129.14635118891064,35.44381030751211],[129.14565925422843,35.44442668189662],[129.1454052563734,35.44498917638282],[129.14526735367508,35.445157691511056],[129.14509729502805,35.44530583056029],[129.1447362417109,35.4454415152586],[129.14384886308162,35.44566233738035],[129.1435599154686,35.44571762486713],[129.14322686409224,35.445796268263024],[129.14297415789693,35.4459106762959],[129.140153040378,35.44864584927895],[129.13979335204368,35.44899998377897],[129.13898078474006,35.45007239024706],[129.1356533522514,35.45527342745648],[129.13561382639173,35.45537140591049],[129.13559580745417,35.4554160841524],[129.13557085558227,35.45575414480819],[129.1356164983341,35.45612900042734],[129.1357165684434,35.45644761590672],[129.13632484118708,35.456852941198974],[129.13791220031422,35.457944331156966],[129.13817001810426,35.45815785301103],[129.13953826274533,35.45929832372609],[129.1398747624216,35.46007494621707],[129.13991061920518,35.46017607669285],[129.1400946361646,35.461223047473005],[129.14009999172202,35.46138158409916],[129.14006574791352,35.461486993027364],[129.14004552860004,35.46159235289276],[129.14005082060402,35.46170917279248],[129.14006626285646,35.461794685334816],[129.1401263341705,35.461891596412556],[129.14067045829225,35.46257814720531],[129.14247395502065,35.46480099594438],[129.14333206855238,35.46571834766959],[129.14342652795438,35.46579536740134],[129.14597620774646,35.46750103704046],[129.14614975865507,35.467614382871716],[129.1475606369653,35.46825092423371],[129.14771640364336,35.468298587321385],[129.14797461886027,35.46832268825445],[129.1516867905455,35.470638693315706],[129.1517380558487,35.470792318083795],[129.15216736395968,35.47160187941654],[129.15233812627952,35.471797074413296],[129.15262966050437,35.47204811053912],[129.15313159009378,35.47233823072991],[129.15909777175537,35.47627526424229],[129.1609804361931,35.47774062881759],[129.16405647182864,35.4791848645484],[129.1641479597866,35.47921160655281],[129.16817635646206,35.47978929489882],[129.16828354123462,35.47980316619606],[129.17365195054964,35.47964904470781],[129.17399963322626,35.47962124797692],[129.17449903741698,35.47958130048182],[129.1751617707706,35.479491595276485],[129.1756287724327,35.47940215368321],[129.1791696988742,35.47849570256827],[129.1797967286052,35.478210033969034],[129.18027839388708,35.47783608340078],[129.18102420847856,35.47673519888285],[129.1812029354998,35.4764407134321],[129.18128124788748,35.47631167399077],[129.1814013216398,35.475942775198185],[129.182129407764,35.47571883064251],[129.1823328881891,35.4756643756568],[129.18273095284732,35.47562214170262],[129.1836243621771,35.47554495377359],[129.18411965280907,35.475522891023864],[129.18439146964894,35.47554703014663],[129.18443092389614,35.47556827689888],[129.18450283593066,35.47560701033255],[129.1845838883691,35.475721927370756],[129.18522309971874,35.4771128294604],[129.18672539474107,35.48145542906756],[129.18687645807347,35.48199643758413],[129.18716099777222,35.48311970468207],[129.18717104947243,35.483341292413805],[129.18713050969077,35.48347276795701],[129.1870204867704,35.48358762781254],[129.18686001709872,35.48368586436878],[129.18650896177627,35.48380999788846],[129.18583794182965,35.48395798600814],[129.18562705520804,35.48404069315816],[129.18553734240425,35.48411431980566],[129.18482574242785,35.484976238216646],[129.18471575821013,35.48511559401933],[129.18470639588907,35.48519021840318],[129.18472707380926,35.48529601156812],[129.18483768295891,35.48542723900602],[129.18824474244232,35.48757935909975],[129.19593103894735,35.48635269075555],[129.19832005625352,35.48562404385889],[129.19913926689748,35.485553904822126],[129.1992849496527,35.485559923489916],[129.19942414328227,35.4855765624921],[129.19956293582132,35.48561236202975],[129.19966359906607,35.48565994262508],[129.19975365013454,35.48571303321833],[129.20092147768887,35.48640462487052],[129.20119102785046,35.48659977074464],[129.20129174465026,35.48669579979453],[129.20134598564687,35.48674855933391],[129.20139251591112,35.48686466887665],[129.20258742487033,35.49000102680876],[129.20259683624738,35.49006135396723],[129.20256349085722,35.49012738459139],[129.20042605837838,35.49349638568169],[129.19865284140593,35.496383161461594],[129.19683224672008,35.49941195578717],[129.19671103826883,35.49980543935183],[129.1956564643057,35.50144238334823],[129.19553329539852,35.50157088570797],[129.1949566469524,35.50197141885136],[129.19482690436357,35.50205575269057],[129.19469574603536,35.50208436949247],[129.1946069695788,35.50208449527379],[129.19424930140167,35.50209034470812],[129.19407053406442,35.50211901922254],[129.19391885488366,35.50217499483654],[129.19338366787764,35.50270376203271],[129.19325409076836,35.50285014937978],[129.19264227506267,35.503779993285505],[129.19258096224178,35.503926306331124],[129.1925548195787,35.504043045747515],[129.19257282189312,35.504207232174394],[129.1926031193918,35.50435412491166],[129.19272037738034,35.50476880315993],[129.19276210214795,35.50490488196989],[129.19281083297474,35.50502795508764],[129.19288423923052,35.505153893130675],[129.19298672117804,35.50528337535297],[129.19309002299113,35.5053818898098],[129.19319235995195,35.505440791451235],[129.19328052291627,35.50548530869099],[129.19334049120067,35.50550826471529],[129.1934673917904,35.50553255914727],[129.19360482219156,35.50553666526815],[129.1938020767543,35.505516174648356],[129.19491518900068,35.50539771438953],[129.19749719308726,35.50729650072971],[129.19990571088135,35.51044157988048],[129.20288711053803,35.513316180796586],[129.20519965946272,35.51457443702219],[129.20529597984745,35.514604610808064],[129.20715935917218,35.51458556278644],[129.20741536345147,35.51454901629382],[129.20774708812382,35.51441992178331],[129.21005027772233,35.51441452970302]]]]}},{"type":"Feature","properties":{"adm_nm":"울산광역시 울주군 두동면","adm_cd2":"3171036000","sgg":"31710","sido":"31","sidonm":"울산광역시","sggnm":"울주군","adm_cd":"26510360"},"geometry":{"type":"MultiPolygon","coordinates":[[[[129.2560356097542,35.70078479686128],[129.25699287585252,35.70021758727575],[129.25747625004823,35.69991542691427],[129.25910428252868,35.69821460496749],[129.25926819402764,35.69801958279341],[129.25934024400868,35.69791372969913],[129.25985409428694,35.69708692824732],[129.26197483441803,35.69351615080722],[129.2626306714469,35.691677648951604],[129.26266603839056,35.69155994812324],[129.26269415916573,35.691445407712],[129.2626185231376,35.690279157717505],[129.2623017509977,35.6860057585307],[129.26227688464596,35.68588679683463],[129.26224039394756,35.68579240635308],[129.26216538655223,35.68568411156715],[129.2620872457783,35.68559049402059],[129.26206613443196,35.68556521030194],[129.26199847858885,35.68550215884748],[129.26193314109952,35.68546070861627],[129.26053596226157,35.684612891207415],[129.25992113731138,35.684270578499444],[129.25933239967355,35.68393602271442],[129.25883219952627,35.683628845224625],[129.25862784111615,35.683494332080784],[129.25860355643871,35.683425689322924],[129.25859087895466,35.683323697965086],[129.25859038073253,35.683205711739454],[129.2586142218593,35.68291231198901],[129.2586734224962,35.682668989831996],[129.25872579626207,35.682502221356444],[129.25949307903127,35.68069718193994],[129.2595993331706,35.6804882102563],[129.25997642121013,35.68020310040035],[129.2602999018137,35.67997821326689],[129.26049750823864,35.679846910867695],[129.26077380028823,35.67967998802829],[129.26080471522485,35.67962173485462],[129.26084624320467,35.67946993135788],[129.26085937795756,35.6793940911834],[129.259814039415,35.67303104470961],[129.25974921637487,35.672841519419634],[129.25964798053417,35.67269233150447],[129.25846033883386,35.670993022627734],[129.25840176512395,35.67091740705154],[129.25828336423098,35.67082747224555],[129.25816286440525,35.67075606779868],[129.2542466553393,35.666258528661864],[129.25421612888408,35.66619550372134],[129.25417838861546,35.666044029641625],[129.25430980540014,35.664861936591244],[129.25432847947025,35.664728559453856],[129.25487104563257,35.66090051717066],[129.2551742920823,35.660339192100196],[129.2541603846396,35.65877451859247],[129.25221236512542,35.656597384465464],[129.25017413255577,35.65311510319479],[129.25015716797304,35.65307046989497],[129.24932185741315,35.651204767548755],[129.2486893181992,35.64986316503729],[129.24864020263757,35.649810815401885],[129.24788577204484,35.64915569335246],[129.24770584610172,35.649050416751955],[129.24764602081777,35.64904001711751],[129.245449450627,35.648243298113805],[129.24389712263624,35.64494568208955],[129.24387689435622,35.64489652888265],[129.24386236622547,35.64483096852754],[129.24380253840457,35.643781607746064],[129.24380361380872,35.64366329836016],[129.243806863901,35.64354849862136],[129.24403540323377,35.640642049905644],[129.24451262655353,35.63912773943333],[129.2445476106111,35.63718212799935],[129.244359396275,35.63706068721267],[129.24423653580686,35.63697308804893],[129.24417904104325,35.63692283923469],[129.24409559164923,35.63683398935077],[129.24403653846983,35.63674627088101],[129.2439205291214,35.636552058301014],[129.24311481188033,35.635162158727915],[129.24304485015776,35.635025254138554],[129.24298265882263,35.63484381763094],[129.24296092932693,35.63477475790863],[129.24294135951845,35.63470217265468],[129.24293401557256,35.63464596676006],[129.24293385804128,35.63458974340066],[129.24294932766992,35.6344924940375],[129.2432111194422,35.633577168401956],[129.24346002410905,35.63266889916246],[129.24347062482914,35.63261733593351],[129.24352289407403,35.63188867750632],[129.24352248484743,35.63175281076892],[129.2435170623081,35.63161928301609],[129.24349529495876,35.631531476002216],[129.24345488886033,35.63144371704157],[129.24251789601433,35.629531663998556],[129.2424877059618,35.62950595597017],[129.2424360730726,35.62950019767592],[129.24237587663706,35.62950968977349],[129.24208931272582,35.629569997893036],[129.24172181212427,35.629653897461495],[129.24115659749862,35.629789710468195],[129.2409388338181,35.62984755350777],[129.24084643100238,35.629873500581084],[129.24069029240002,35.62991949445826],[129.23997191900597,35.63013760346242],[129.23982580098345,35.630183575864415],[129.23328141608573,35.63242770121252],[129.2332255668186,35.63244889008914],[129.23318979334923,35.63247356376263],[129.23315979150263,35.6325087543891],[129.23313556191835,35.632565026829795],[129.23305862504267,35.63273150181425],[129.23302224614486,35.63279248279247],[129.23299510680783,35.63282651610933],[129.23295503491948,35.63285352699619],[129.23287049810867,35.63287710914831],[129.23280886284203,35.63288191760556],[129.22837182252152,35.63283766713633],[129.22827144694062,35.632833154043475],[129.22817892517716,35.63282044336135],[129.22803114320098,35.63278090847959],[129.22793857938146,35.63275295446714],[129.22714572363657,35.632508465635105],[129.2260333121102,35.63207833625879],[129.22595147954996,35.63204569045665],[129.22529187549836,35.63176228116646],[129.22516912524938,35.63170395439118],[129.22499536275097,35.631607042097],[129.22487470271878,35.631527618415284],[129.22328797007464,35.630394381693506],[129.22311987532302,35.63027288314734],[129.22270824578106,35.629946125305835],[129.22247618012474,35.62973581277198],[129.22236958579384,35.629629170420834],[129.2223143602893,35.6295639393329],[129.22142482007033,35.62849869017978],[129.2213714967313,35.62843115240014],[129.22133559965295,35.628383567656634],[129.22130443134728,35.62833672578169],[129.22126139563943,35.62824917956216],[129.2212367625538,35.6281877289181],[129.21770188244253,35.626013734941246],[129.21466158418625,35.62542387383767],[129.21353037958542,35.626248334411805],[129.2132270650393,35.626462342922316],[129.21207037802967,35.62697690523851],[129.2114762321242,35.62708319894191],[129.2112709219972,35.627091525429414],[129.21121960958868,35.62710084418533],[129.2111580955089,35.62713114740234],[129.2110504578922,35.627194668776625],[129.2109756575098,35.627247647275155],[129.21068362660367,35.62746203821199],[129.210541238863,35.62758811697531],[129.21020532291087,35.627903679303586],[129.2049490960995,35.63309933222458],[129.20422841225948,35.634099962954245],[129.20416113979454,35.63416301705553],[129.20411465481138,35.634191961847385],[129.2040160368122,35.63423541862308],[129.2035941591759,35.63437776297274],[129.20346822747814,35.63440814057839],[129.2033318404574,35.63443327844816],[129.20313601852706,35.63444410487575],[129.20294254119113,35.63443656902026],[129.20269046217962,35.63441994469086],[129.1996330896777,35.634129898375676],[129.19951425363178,35.634115662726394],[129.19938653781608,35.63407784676937],[129.19924675836143,35.63403610077559],[129.19919212663848,35.63401389004139],[129.1991053413193,35.63397599029885],[129.1989847464026,35.6339014464445],[129.19892364814476,35.6338595708813],[129.1987152823983,35.63366316762373],[129.19865247946194,35.63359113393605],[129.19860739897942,35.633538750425075],[129.19850034063518,35.633414325092396],[129.19790291520326,35.632667710054115],[129.19787069939227,35.632619235976286],[129.1978513174314,35.632573365756016],[129.19783834801018,35.632520915977004],[129.19782608752874,35.63243176427945],[129.19783037328685,35.63221798377754],[129.1978250902747,35.63213710884174],[129.1977936684713,35.6319727753266],[129.1977104002341,35.63173419854217],[129.1976723788193,35.63166474128552],[129.1976189366443,35.63158553236226],[129.19556982220465,35.6285539454817],[129.19550333875787,35.62847253009234],[129.19540673112752,35.62839425140986],[129.1952759772928,35.62831756847726],[129.19519955419557,35.62827924405213],[129.19509705650185,35.628257882693795],[129.19504080963597,35.628257985565774],[129.19494040450923,35.6282688934663],[129.1948380048264,35.62828904471398],[129.19470551561824,35.62832156805591],[129.1945629772653,35.62836332179584],[129.19437434053356,35.6284343634815],[129.19414958652075,35.62852084304596],[129.19395089356252,35.628596523229575],[129.193832662411,35.628633602413686],[129.19363802061062,35.628669833984],[129.19349729424084,35.62869520557134],[129.19337767553944,35.628697198533104],[129.19326740083568,35.62869736063525],[129.19312661741577,35.628690402188205],[129.1929998997086,35.62867443977927],[129.19283559765833,35.628647751812586],[129.19268773286328,35.62862104626337],[129.1925163416619,35.628567427135756],[129.19243292123775,35.628510990317714],[129.1923718008404,35.62846257195724],[129.19232946894905,35.628414156408724],[129.19056732522802,35.625863537365],[129.18981688393617,35.62338374279992],[129.18977681455843,35.623242365434166],[129.18970454125446,35.62293217601545],[129.18969910327414,35.62287157162807],[129.18970248731543,35.62280949209314],[129.18974111143723,35.62270985201708],[129.1898036333569,35.62262893216601],[129.18996048799542,35.6224713808424],[129.19011553246597,35.62228928548652],[129.19017275157512,35.6222170187598],[129.19030656716853,35.62202774742433],[129.1905274682969,35.62168967961734],[129.1906918561333,35.621357482975974],[129.19101495225075,35.620537188869925],[129.19111779641437,35.618831088946095],[129.19108590764776,35.618792167091044],[129.19105405357703,35.618761917403766],[129.18772575126795,35.61598018659549],[129.18515039742465,35.61484973734483],[129.1838380879757,35.614893589561426],[129.17960745805985,35.614417863381995],[129.17832642967832,35.61422637514136],[129.17812140280378,35.61416748330614],[129.1777740756744,35.61406409137364],[129.17755483024192,35.61396193127897],[129.17457880313322,35.612456599114736],[129.17433654349063,35.612329931187034],[129.1737918146904,35.611995873735594],[129.17341759649855,35.611704865056765],[129.17327420269606,35.61154920676347],[129.1714785619189,35.60923514735309],[129.17142470028105,35.609135163289245],[129.17142453253743,35.60905875746313],[129.1719152909253,35.608580492967185],[129.17239510219514,35.607754808561694],[129.17238412857637,35.60771485459932],[129.17232964085514,35.60769271939669],[129.1703925660574,35.60742459964863],[129.17026376243464,35.60741523454525],[129.1664980270059,35.60730298399962],[129.16645358693754,35.60730304070755],[129.1664161687509,35.60730691651114],[129.16450447552975,35.607802697253625],[129.16443901836564,35.60782444683287],[129.16369032070696,35.60813767498958],[129.16361008148849,35.608178580228795],[129.1634543372512,35.60827817907537],[129.16308132251586,35.60851825170622],[129.16304549708053,35.60854252323323],[129.1614548635687,35.609742536896306],[129.15975697331163,35.61114148073651],[129.15875996178312,35.611717535808765],[129.15789792827982,35.611918711625876],[129.15784958078615,35.61191877118697],[129.1577856150991,35.611907389781685],[129.15768105050995,35.61186801376637],[129.15760453693866,35.611822238462004],[129.15645272112735,35.61097882647378],[129.1560980920347,35.61065432452838],[129.1556151028128,35.61008021186066],[129.15504929412322,35.60942207546593],[129.1549664743638,35.60933043943101],[129.15490945419205,35.60928080374227],[129.15338154138985,35.60826325500279],[129.153178604066,35.608152646375295],[129.15294991184265,35.60803059514759],[129.15290622519726,35.608020453723405],[129.15002889676867,35.60768935983801],[129.148488706184,35.608289709821435],[129.14771499152218,35.60928974898528],[129.1473306292251,35.60965541471113],[129.1466169865133,35.610125153888006],[129.14626693329998,35.6103031072068],[129.14667758920484,35.61089578901557],[129.14683794462528,35.61119846979585],[129.14700323453886,35.61165065421389],[129.14707428588696,35.611949591738906],[129.14709837932656,35.612178509216605],[129.14718370404754,35.61393482253202],[129.14717069286993,35.61508228393242],[129.14716324171675,35.61536169465145],[129.14722731540795,35.61555005710512],[129.15166706946926,35.62170338399416],[129.15183382137954,35.621906723576814],[129.15205610988951,35.62215522510659],[129.1522714030309,35.62235850226697],[129.15727690045833,35.62707420530944],[129.157658525469,35.627337881138786],[129.1615913834149,35.62410734565511],[129.16299325958178,35.62277505419653],[129.16292606924878,35.62272160891494],[129.16290340409003,35.62269616518182],[129.16288615067015,35.62264903530069],[129.1628185908867,35.62240317471852],[129.1628051638292,35.62231527358192],[129.1628066142574,35.62226555952906],[129.16281588590132,35.62222221768502],[129.16284539763302,35.62215973644812],[129.16288583462645,35.62210615030371],[129.16293721516786,35.622061489640636],[129.16438553129842,35.620963596548705],[129.16447118914706,35.62090232423713],[129.16455845715484,35.62086270054381],[129.1647112131405,35.62082170290965],[129.16479228362394,35.62080248334132],[129.16503631361974,35.62078047924419],[129.16532949130504,35.6207545875113],[129.16551117031634,35.620742870879205],[129.16564374303744,35.62074396581725],[129.1659448080877,35.6207652216053],[129.16616086020417,35.62078530867297],[129.1662653823543,35.620796655459785],[129.16655407279066,35.620868881991576],[129.16658919669666,35.62088540242331],[129.16670165137697,35.62095788705615],[129.1672319402951,35.621335637344856],[129.1672944349384,35.62139161900253],[129.1677550164162,35.621993759123654],[129.16780743404772,35.62207778951078],[129.1683100654872,35.623396044719236],[129.16861677618704,35.62426217524034],[129.16863252272844,35.624333527507055],[129.1686389014948,35.62439850413484],[129.1686343933501,35.6244787934692],[129.1686088400966,35.624570582142745],[129.16857936525884,35.62464326769258],[129.1684922774377,35.6247708285452],[129.16782463014147,35.625496859787],[129.1671942935703,35.62615911620926],[129.16714603555394,35.626206328234744],[129.16705339361587,35.62628674837989],[129.16685716663517,35.62643738136573],[129.16611178016646,35.62728457336322],[129.16416350059515,35.631282637837685],[129.1641261426305,35.63142046195755],[129.16379613290758,35.63294835433951],[129.1637766818294,35.633042006773984],[129.16354993307323,35.63462594034054],[129.16352709063904,35.635075372794965],[129.16352998590656,35.63528133874471],[129.16369799317846,35.636194651026635],[129.16374832810342,35.63639118608805],[129.16409816584854,35.637363096194626],[129.1641310448291,35.6374339381177],[129.16417127782125,35.63749407826477],[129.16437796739422,35.63769710505442],[129.16449852003132,35.637809288925745],[129.16467726543783,35.637961527208],[129.16491748541287,35.63815648785089],[129.16503882725502,35.63825128243686],[129.1672599239309,35.64161610624471],[129.16849744676983,35.64544905335624],[129.1688564979229,35.64880304878435],[129.16868142672755,35.64964994659098],[129.1686566331541,35.64991748189662],[129.16865302362385,35.65014887904465],[129.16865641605256,35.65020905739729],[129.1687085521205,35.65047517134204],[129.16872093122413,35.650517941138524],[129.16875867252205,35.65056203266],[129.17047416950246,35.65231176483869],[129.17057168049166,35.65234907915716],[129.17076337233124,35.652410337301454],[129.170891124122,35.65242887852336],[129.17103191833294,35.65242869157343],[129.17121283580371,35.65241907657015],[129.1713175884479,35.65240554124935],[129.17254027314496,35.65221657061378],[129.1727123601805,35.65217830574048],[129.17281594213597,35.652149605550385],[129.17289792359492,35.652120705046],[129.17326639088796,35.65198924565081],[129.17331432761557,35.65196850346049],[129.17338919033247,35.65191484748583],[129.17360480394342,35.651753057433744],[129.17370196966849,35.65168009798471],[129.17375982418952,35.65164735732755],[129.1738451151673,35.6516262399028],[129.17392893210246,35.651621451450715],[129.1739990565875,35.65162018623628],[129.1740615589218,35.65162592270086],[129.17416675260503,35.65163978416313],[129.174326859502,35.65166753798226],[129.17440309842723,35.651688425356106],[129.17448853980025,35.65172330073754],[129.17458315065664,35.651777989299724],[129.1747098534773,35.651869985370446],[129.1747831319282,35.651929356386205],[129.17487789360015,35.65204705179951],[129.17499100906903,35.652199720587646],[129.17505063425605,35.6522836152511],[129.17508587495777,35.652366379645805],[129.17564104873236,35.653999513794176],[129.1756449202913,35.654053123899416],[129.17553764737826,35.65476809462157],[129.17543431635937,35.65556809324739],[129.17541591409264,35.65573054297803],[129.1754105144608,35.65583780993441],[129.175420009122,35.65588912584443],[129.17544451987217,35.65594885133968],[129.17546896822682,35.65597180283023],[129.17552528023748,35.65598857541073],[129.17746618882126,35.65638108382498],[129.17759381139467,35.65640157771803],[129.17769323998442,35.65639530512172],[129.17775512731018,35.656376840534264],[129.17779819505793,35.65633539515676],[129.1778449363189,35.65626637152403],[129.17809705432978,35.655730480709316],[129.17842764231438,35.65504735799432],[129.17849500951164,35.65496603831403],[129.17859612708602,35.654876261484205],[129.18009433444658,35.65363748699503],[129.18103661651142,35.65294210407443],[129.1811104516377,35.65289986555455],[129.18116859671824,35.65287571872506],[129.18124011273872,35.652857538046],[129.18129868140815,35.65284690985939],[129.18139066023033,35.65283414366682],[129.18152790275047,35.65283122364778],[129.18159890813612,35.65283637223839],[129.1816458694237,35.65284368128717],[129.18172932181415,35.65287726121776],[129.1817966304625,35.65291297150124],[129.1818493881033,35.65294480562026],[129.18188630784505,35.65297012749291],[129.18192403822312,35.653006872922234],[129.18203133344892,35.65312237885309],[129.18206565934221,35.65319070880203],[129.1820898059731,35.653292553452005],[129.1820883695134,35.653413980441364],[129.18207508935777,35.653584260428794],[129.18202939351508,35.6537783093015],[129.1820178645888,35.65397300504092],[129.18202342894435,35.654164168724044],[129.1820528288276,35.654318344476806],[129.18212348514388,35.654584805212735],[129.18220776079195,35.65482679404572],[129.18227305414382,35.654989984670934],[129.18239997266875,35.65519564844635],[129.18421077045866,35.657977058796355],[129.18519839371896,35.659431117683894],[129.18525325113137,35.65950918770015],[129.1853013191316,35.65960400920525],[129.18535812490776,35.659784648426964],[129.18537393648666,35.6599758259915],[129.1853606158318,35.660127263099746],[129.18533713636918,35.6603129018204],[129.18531854309987,35.66040784238093],[129.18481303646078,35.66129967161485],[129.18442982174565,35.66186476118486],[129.18431220122406,35.66199332992023],[129.18425766926075,35.66205900674011],[129.1842253413431,35.66212115358284],[129.18419485228543,35.66223702868767],[129.1841663471141,35.6624799082237],[129.18458366628036,35.66487963626897],[129.1850247568453,35.6686825823132],[129.18395206903105,35.671955413705064],[129.18390438749438,35.672033635614305],[129.18379693626704,35.672131496530845],[129.18373038095436,35.672174862835405],[129.18361595098222,35.67221270076766],[129.1834689223735,35.67223915215052],[129.1827207135389,35.67237174138947],[129.1825805775942,35.67237894168473],[129.1823942450048,35.67236386457502],[129.18228821790774,35.67233750659896],[129.1820812942656,35.672280608649174],[129.18200265732284,35.672275840382866],[129.18193429986442,35.67227734364131],[129.1818864713181,35.67228995883132],[129.18184949333087,35.67232026615544],[129.18179442033627,35.672396168145006],[129.18177232175574,35.672453414983586],[129.18175892832397,35.67258043671909],[129.181762470005,35.6726320694813],[129.1817951087446,35.67270318772485],[129.18183455021585,35.67276104694278],[129.18190137367966,35.672833524827524],[129.18198014695108,35.67290177886822],[129.18204862503643,35.6729561148329],[129.18215646502853,35.67302712150768],[129.1822038952974,35.673048151022684],[129.18223175786585,35.67306050100101],[129.1841597130414,35.6738216502527],[129.18493434984555,35.67398724935259],[129.1850471746503,35.67399615287176],[129.18520784520922,35.67400148537645],[129.1854881625961,35.67400524157442],[129.18562831092447,35.674005024446586],[129.18579409949433,35.67400128374674],[129.18680396814284,35.67389296225378],[129.18690478410971,35.67388096294719],[129.1918843921106,35.67636284808562],[129.19259510315374,35.67825303231591],[129.19237527451102,35.678303047244526],[129.1923074752151,35.67832990014599],[129.19226541741045,35.67835671925842],[129.19177871905535,35.678834111676444],[129.19172505943766,35.678899148462634],[129.19170993388957,35.67893451295999],[129.1917029989059,35.67897080990163],[129.19171249213306,35.6790242842227],[129.19230553622273,35.68045990549522],[129.19234309806268,35.68051333939637],[129.19264222963335,35.680846226973735],[129.19299766096216,35.681240137884096],[129.19513821723828,35.68348038917666],[129.19720148245977,35.685325501483966],[129.197231280334,35.68533354470388],[129.19760806596477,35.685602719342846],[129.19767670821312,35.685667430047864],[129.19864224369255,35.691303721732005],[129.19863239825077,35.69133617453467],[129.19860340138138,35.691356164669564],[129.1985530055312,35.69137245590154],[129.19843162468914,35.691400082064696],[129.19824224956403,35.69144156645028],[129.19809867708182,35.691467990883616],[129.19700443986522,35.69300306057407],[129.19809609343824,35.69632799542483],[129.1992033976245,35.699204523292416],[129.20046241509186,35.70036974060318],[129.20049913297478,35.70038589249168],[129.20052824699488,35.70041827986803],[129.2005628366702,35.70049678872449],[129.20075261226236,35.70122727003243],[129.20082985506903,35.70156260977565],[129.2008352831326,35.701592537159925],[129.20082792842024,35.7017122761972],[129.20080996948684,35.70185945747257],[129.20072557498594,35.70233599023185],[129.20035036565733,35.704136320783],[129.2003215864838,35.704248711371136],[129.20024096264098,35.7044186207101],[129.20009175468033,35.70468723544913],[129.19981575331394,35.7051449355629],[129.19963400516815,35.70518006726298],[129.19933910019517,35.705224254097615],[129.19902082163958,35.705282613853235],[129.1988791351555,35.70532207936492],[129.1987752490336,35.705364034728156],[129.19724558123082,35.70608845782594],[129.19676704245606,35.706323454140886],[129.19642042478705,35.70662654516379],[129.19552457383392,35.707714098214204],[129.1952343935145,35.70987232750198],[129.1953914061059,35.71023787138847],[129.19636152291037,35.71249050168164],[129.19650616167272,35.712809906785665],[129.196658390299,35.71303656362858],[129.1980051390445,35.714217780775655],[129.19811037490604,35.714291337259574],[129.19820292126164,35.714325011446526],[129.19831618910018,35.71433438585459],[129.1986539906655,35.71435291758768],[129.19889374232687,35.71436247995836],[129.19892579096012,35.714364800463926],[129.19912108556738,35.714409566644214],[129.19935431299868,35.71448038227169],[129.19967505718031,35.714600892845084],[129.199960928994,35.71475466605535],[129.2000366528327,35.71482151315957],[129.20061615316138,35.71554087428266],[129.20091485996664,35.716016046591186],[129.20207669919895,35.718708798546956],[129.20723454961526,35.72150751730422],[129.20846395766677,35.72069737082089],[129.2098632004844,35.71975676443644],[129.2094945854083,35.71910583132727],[129.210603904936,35.718204501826584],[129.2140515359531,35.71524749362876],[129.2176566982088,35.71375136298742],[129.21943685738623,35.71346119663582],[129.22211878920152,35.71155301147885],[129.22259354253885,35.71097233506331],[129.2266921809986,35.708323011374056],[129.2273707104246,35.70876798495332],[129.2285326852057,35.708946653368166],[129.22985872069606,35.70872192682551],[129.23254025683096,35.70807171922877],[129.23335655623706,35.707170121366126],[129.23406054165613,35.70601323191195],[129.23371806554198,35.70504734778633],[129.23406285658183,35.703582594047404],[129.23720049608747,35.702952415512215],[129.23843087299068,35.703072522627586],[129.2439865296227,35.70278142927973],[129.24402532240939,35.702777622521225],[129.25292557598198,35.70169668886053],[129.25304387465448,35.70168018263415],[129.25316995884324,35.70165703146818],[129.25399658044495,35.70148859145037],[129.2560356097542,35.70078479686128]]]]}},{"type":"Feature","properties":{"adm_nm":"울산광역시 울주군 두서면","adm_cd2":"3171037000","sgg":"31710","sido":"31","sidonm":"울산광역시","sggnm":"울주군","adm_cd":"26510370"},"geometry":{"type":"MultiPolygon","coordinates":[[[[129.20091485996664,35.716016046591186],[129.20061615316138,35.71554087428266],[129.2000366528327,35.71482151315957],[129.199960928994,35.71475466605535],[129.19967505718031,35.714600892845084],[129.19935431299868,35.71448038227169],[129.19912108556738,35.714409566644214],[129.19892579096012,35.714364800463926],[129.19889374232687,35.71436247995836],[129.1986539906655,35.71435291758768],[129.19831618910018,35.71433438585459],[129.19820292126164,35.714325011446526],[129.19811037490604,35.714291337259574],[129.1980051390445,35.714217780775655],[129.196658390299,35.71303656362858],[129.19650616167272,35.712809906785665],[129.19636152291037,35.71249050168164],[129.1953914061059,35.71023787138847],[129.1952343935145,35.70987232750198],[129.19552457383392,35.707714098214204],[129.19642042478705,35.70662654516379],[129.19676704245606,35.706323454140886],[129.19724558123082,35.70608845782594],[129.1987752490336,35.705364034728156],[129.1988791351555,35.70532207936492],[129.19902082163958,35.705282613853235],[129.19933910019517,35.705224254097615],[129.19963400516815,35.70518006726298],[129.19981575331394,35.7051449355629],[129.20009175468033,35.70468723544913],[129.20024096264098,35.7044186207101],[129.2003215864838,35.704248711371136],[129.20035036565733,35.704136320783],[129.20072557498594,35.70233599023185],[129.20080996948684,35.70185945747257],[129.20082792842024,35.7017122761972],[129.2008352831326,35.701592537159925],[129.20082985506903,35.70156260977565],[129.20075261226236,35.70122727003243],[129.2005628366702,35.70049678872449],[129.20052824699488,35.70041827986803],[129.20049913297478,35.70038589249168],[129.20046241509186,35.70036974060318],[129.1992033976245,35.699204523292416],[129.19809609343824,35.69632799542483],[129.19700443986522,35.69300306057407],[129.19809867708182,35.691467990883616],[129.19824224956403,35.69144156645028],[129.19843162468914,35.691400082064696],[129.1985530055312,35.69137245590154],[129.19860340138138,35.691356164669564],[129.19863239825077,35.69133617453467],[129.19864224369255,35.691303721732005],[129.19767670821312,35.685667430047864],[129.19760806596477,35.685602719342846],[129.197231280334,35.68533354470388],[129.19720148245977,35.685325501483966],[129.19513821723828,35.68348038917666],[129.19299766096216,35.681240137884096],[129.19264222963335,35.680846226973735],[129.19234309806268,35.68051333939637],[129.19230553622273,35.68045990549522],[129.19171249213306,35.6790242842227],[129.1917029989059,35.67897080990163],[129.19170993388957,35.67893451295999],[129.19172505943766,35.678899148462634],[129.19177871905535,35.678834111676444],[129.19226541741045,35.67835671925842],[129.1923074752151,35.67832990014599],[129.19237527451102,35.678303047244526],[129.19259510315374,35.67825303231591],[129.1918843921106,35.67636284808562],[129.18690478410971,35.67388096294719],[129.18680396814284,35.67389296225378],[129.18579409949433,35.67400128374674],[129.18562831092447,35.674005024446586],[129.1854881625961,35.67400524157442],[129.18520784520922,35.67400148537645],[129.1850471746503,35.67399615287176],[129.18493434984555,35.67398724935259],[129.1841597130414,35.6738216502527],[129.18223175786585,35.67306050100101],[129.1822038952974,35.673048151022684],[129.18215646502853,35.67302712150768],[129.18204862503643,35.6729561148329],[129.18198014695108,35.67290177886822],[129.18190137367966,35.672833524827524],[129.18183455021585,35.67276104694278],[129.1817951087446,35.67270318772485],[129.181762470005,35.6726320694813],[129.18175892832397,35.67258043671909],[129.18177232175574,35.672453414983586],[129.18179442033627,35.672396168145006],[129.18184949333087,35.67232026615544],[129.1818864713181,35.67228995883132],[129.18193429986442,35.67227734364131],[129.18200265732284,35.672275840382866],[129.1820812942656,35.672280608649174],[129.18228821790774,35.67233750659896],[129.1823942450048,35.67236386457502],[129.1825805775942,35.67237894168473],[129.1827207135389,35.67237174138947],[129.1834689223735,35.67223915215052],[129.18361595098222,35.67221270076766],[129.18373038095436,35.672174862835405],[129.18379693626704,35.672131496530845],[129.18390438749438,35.672033635614305],[129.18395206903105,35.671955413705064],[129.1850247568453,35.6686825823132],[129.18458366628036,35.66487963626897],[129.1841663471141,35.6624799082237],[129.18419485228543,35.66223702868767],[129.1842253413431,35.66212115358284],[129.18425766926075,35.66205900674011],[129.18431220122406,35.66199332992023],[129.18442982174565,35.66186476118486],[129.18481303646078,35.66129967161485],[129.18531854309987,35.66040784238093],[129.18533713636918,35.6603129018204],[129.1853606158318,35.660127263099746],[129.18537393648666,35.6599758259915],[129.18535812490776,35.659784648426964],[129.1853013191316,35.65960400920525],[129.18525325113137,35.65950918770015],[129.18519839371896,35.659431117683894],[129.18421077045866,35.657977058796355],[129.18239997266875,35.65519564844635],[129.18227305414382,35.654989984670934],[129.18220776079195,35.65482679404572],[129.18212348514388,35.654584805212735],[129.1820528288276,35.654318344476806],[129.18202342894435,35.654164168724044],[129.1820178645888,35.65397300504092],[129.18202939351508,35.6537783093015],[129.18207508935777,35.653584260428794],[129.1820883695134,35.653413980441364],[129.1820898059731,35.653292553452005],[129.18206565934221,35.65319070880203],[129.18203133344892,35.65312237885309],[129.18192403822312,35.653006872922234],[129.18188630784505,35.65297012749291],[129.1818493881033,35.65294480562026],[129.1817966304625,35.65291297150124],[129.18172932181415,35.65287726121776],[129.1816458694237,35.65284368128717],[129.18159890813612,35.65283637223839],[129.18152790275047,35.65283122364778],[129.18139066023033,35.65283414366682],[129.18129868140815,35.65284690985939],[129.18124011273872,35.652857538046],[129.18116859671824,35.65287571872506],[129.1811104516377,35.65289986555455],[129.18103661651142,35.65294210407443],[129.18009433444658,35.65363748699503],[129.17859612708602,35.654876261484205],[129.17849500951164,35.65496603831403],[129.17842764231438,35.65504735799432],[129.17809705432978,35.655730480709316],[129.1778449363189,35.65626637152403],[129.17779819505793,35.65633539515676],[129.17775512731018,35.656376840534264],[129.17769323998442,35.65639530512172],[129.17759381139467,35.65640157771803],[129.17746618882126,35.65638108382498],[129.17552528023748,35.65598857541073],[129.17546896822682,35.65597180283023],[129.17544451987217,35.65594885133968],[129.175420009122,35.65588912584443],[129.1754105144608,35.65583780993441],[129.17541591409264,35.65573054297803],[129.17543431635937,35.65556809324739],[129.17553764737826,35.65476809462157],[129.1756449202913,35.654053123899416],[129.17564104873236,35.653999513794176],[129.17508587495777,35.652366379645805],[129.17505063425605,35.6522836152511],[129.17499100906903,35.652199720587646],[129.17487789360015,35.65204705179951],[129.1747831319282,35.651929356386205],[129.1747098534773,35.651869985370446],[129.17458315065664,35.651777989299724],[129.17448853980025,35.65172330073754],[129.17440309842723,35.651688425356106],[129.174326859502,35.65166753798226],[129.17416675260503,35.65163978416313],[129.1740615589218,35.65162592270086],[129.1739990565875,35.65162018623628],[129.17392893210246,35.651621451450715],[129.1738451151673,35.6516262399028],[129.17375982418952,35.65164735732755],[129.17370196966849,35.65168009798471],[129.17360480394342,35.651753057433744],[129.17338919033247,35.65191484748583],[129.17331432761557,35.65196850346049],[129.17326639088796,35.65198924565081],[129.17289792359492,35.652120705046],[129.17281594213597,35.652149605550385],[129.1727123601805,35.65217830574048],[129.17254027314496,35.65221657061378],[129.1713175884479,35.65240554124935],[129.17121283580371,35.65241907657015],[129.17103191833294,35.65242869157343],[129.170891124122,35.65242887852336],[129.17076337233124,35.652410337301454],[129.17057168049166,35.65234907915716],[129.17047416950246,35.65231176483869],[129.16875867252205,35.65056203266],[129.16872093122413,35.650517941138524],[129.1687085521205,35.65047517134204],[129.16865641605256,35.65020905739729],[129.16865302362385,35.65014887904465],[129.1686566331541,35.64991748189662],[129.16868142672755,35.64964994659098],[129.1688564979229,35.64880304878435],[129.16849744676983,35.64544905335624],[129.1672599239309,35.64161610624471],[129.16503882725502,35.63825128243686],[129.16491748541287,35.63815648785089],[129.16467726543783,35.637961527208],[129.16449852003132,35.637809288925745],[129.16437796739422,35.63769710505442],[129.16417127782125,35.63749407826477],[129.1641310448291,35.6374339381177],[129.16409816584854,35.637363096194626],[129.16374832810342,35.63639118608805],[129.16369799317846,35.636194651026635],[129.16352998590656,35.63528133874471],[129.16352709063904,35.635075372794965],[129.16354993307323,35.63462594034054],[129.1637766818294,35.633042006773984],[129.16379613290758,35.63294835433951],[129.1641261426305,35.63142046195755],[129.16416350059515,35.631282637837685],[129.16611178016646,35.62728457336322],[129.16685716663517,35.62643738136573],[129.16705339361587,35.62628674837989],[129.16714603555394,35.626206328234744],[129.1671942935703,35.62615911620926],[129.16782463014147,35.625496859787],[129.1684922774377,35.6247708285452],[129.16857936525884,35.62464326769258],[129.1686088400966,35.624570582142745],[129.1686343933501,35.6244787934692],[129.1686389014948,35.62439850413484],[129.16863252272844,35.624333527507055],[129.16861677618704,35.62426217524034],[129.1683100654872,35.623396044719236],[129.16780743404772,35.62207778951078],[129.1677550164162,35.621993759123654],[129.1672944349384,35.62139161900253],[129.1672319402951,35.621335637344856],[129.16670165137697,35.62095788705615],[129.16658919669666,35.62088540242331],[129.16655407279066,35.620868881991576],[129.1662653823543,35.620796655459785],[129.16616086020417,35.62078530867297],[129.1659448080877,35.6207652216053],[129.16564374303744,35.62074396581725],[129.16551117031634,35.620742870879205],[129.16532949130504,35.6207545875113],[129.16503631361974,35.62078047924419],[129.16479228362394,35.62080248334132],[129.1647112131405,35.62082170290965],[129.16455845715484,35.62086270054381],[129.16447118914706,35.62090232423713],[129.16438553129842,35.620963596548705],[129.16293721516786,35.622061489640636],[129.16288583462645,35.62210615030371],[129.16284539763302,35.62215973644812],[129.16281588590132,35.62222221768502],[129.1628066142574,35.62226555952906],[129.1628051638292,35.62231527358192],[129.1628185908867,35.62240317471852],[129.16288615067015,35.62264903530069],[129.16290340409003,35.62269616518182],[129.16292606924878,35.62272160891494],[129.16299325958178,35.62277505419653],[129.1615913834149,35.62410734565511],[129.157658525469,35.627337881138786],[129.15727690045833,35.62707420530944],[129.1522714030309,35.62235850226697],[129.15205610988951,35.62215522510659],[129.15183382137954,35.621906723576814],[129.15166706946926,35.62170338399416],[129.14722731540795,35.61555005710512],[129.14716324171675,35.61536169465145],[129.14717069286993,35.61508228393242],[129.14718370404754,35.61393482253202],[129.14709837932656,35.612178509216605],[129.14707428588696,35.611949591738906],[129.14700323453886,35.61165065421389],[129.14683794462528,35.61119846979585],[129.14667758920484,35.61089578901557],[129.14626693329998,35.6103031072068],[129.14470819708282,35.611683393762355],[129.1439706396757,35.6126305051351],[129.1430100192027,35.61251538441808],[129.1419028394608,35.611566158892614],[129.1416867235006,35.61126515892103],[129.13806994233835,35.6099208394276],[129.13800421896528,35.60990886551908],[129.13795423629907,35.60990891947323],[129.13616192656266,35.61012426584836],[129.13605911365065,35.61014626856633],[129.13598059819898,35.61017260576255],[129.13592067658965,35.610216428981],[129.13586219847724,35.61027009714953],[129.13426601273366,35.61201446869575],[129.13415769117205,35.61214652805538],[129.13407348871033,35.61227593238597],[129.13402540023327,35.61237232576785],[129.13399802080465,35.61248977933024],[129.13397928509423,35.61262174572727],[129.1339703749139,35.61287538504733],[129.132879608312,35.61479224196788],[129.13140446925186,35.61714521133397],[129.13130913072305,35.617285282769345],[129.13024611048638,35.6186659960835],[129.13015210740343,35.6187747869756],[129.13007922223005,35.61882058586092],[129.13000628639796,35.61884300412138],[129.12908526219778,35.61944842703279],[129.1272676483939,35.62102290979912],[129.1272239371305,35.62106155675594],[129.1269669123631,35.62135584362015],[129.12685206472605,35.62152715991849],[129.1267814176831,35.621640812982825],[129.12653572158308,35.62237418652613],[129.1265048843514,35.62247337313918],[129.1265071980213,35.6225454041601],[129.12652952647588,35.62266658966308],[129.12661298848292,35.62296059120159],[129.12668636817827,35.62317410471196],[129.12671870347563,35.62332915633999],[129.12672212844976,35.62339782133678],[129.12670781944152,35.62344528738335],[129.1266552356609,35.623513907337966],[129.12605050705523,35.62419737255845],[129.12600322862025,35.62424313165468],[129.12594870028218,35.62426289102019],[129.12176479306044,35.62519300839511],[129.12129350267043,35.62525364818437],[129.12106125403264,35.62509426556922],[129.12090835288396,35.62498933654494],[129.11981948793672,35.62485890496253],[129.11960947516604,35.62484393197726],[129.11865346443346,35.624834006271506],[129.1184062787394,35.62485016938058],[129.11823177591083,35.62488215376666],[129.11805731665467,35.624932251843205],[129.11786514119197,35.624999703269275],[129.1177110698461,35.625064957648995],[129.11757649699993,35.62514609735048],[129.1174871418842,35.62522505288668],[129.116756764805,35.62625154098733],[129.11664622309348,35.62640933639271],[129.11601246884962,35.62747767863069],[129.11588261275548,35.627754879247064],[129.11578285211542,35.62800911418574],[129.11577039104293,35.62805499094074],[129.115758147708,35.628106749086434],[129.11574325859348,35.628170741382625],[129.1157407180658,35.62823615742235],[129.1157232914299,35.62837131389487],[129.1156979219052,35.62848347871211],[129.1156619613604,35.628587019982774],[129.11562863482854,35.628664687040995],[129.1156154667976,35.62869130116775],[129.1155214381106,35.62882868779177],[129.11546872444472,35.62890060883471],[129.11509609312915,35.62939263584065],[129.11485352912143,35.629712025739295],[129.11479816794736,35.629777496356255],[129.1147304691906,35.62985303210549],[129.11364728912102,35.63096104732067],[129.11360330167497,35.63098984206333],[129.11352463422952,35.63102785440716],[129.10746287569114,35.633701079498096],[129.10740654890424,35.63372411723221],[129.1073361441692,35.633750070873305],[129.10727278178015,35.63376164026407],[129.1046140256193,35.634085971118445],[129.10330026927582,35.63406695323135],[129.09893952926438,35.63370826708512],[129.09640351765296,35.63332631791992],[129.09347862822008,35.63292292865513],[129.09269429630143,35.63294424018175],[129.09215889289246,35.63371417642321],[129.09133052451324,35.63513677081963],[129.091295867226,35.635197152097156],[129.09122429200332,35.63533574352926],[129.09103290422698,35.635764393323434],[129.09090855142722,35.636046556425576],[129.0907433461733,35.63644363695983],[129.0886989598643,35.64163003025131],[129.08872572305796,35.6416765354097],[129.08878543545384,35.641727823943825],[129.08885766409344,35.64178986220487],[129.08904305591662,35.64193511464157],[129.08922490880283,35.64207747177299],[129.0894316675389,35.64220818832063],[129.08963120867298,35.642258920854225],[129.08976391773723,35.64226027834733],[129.09001595627186,35.64225282443199],[129.09306664138242,35.64335120666779],[129.0943276626466,35.644810048258215],[129.09558505666888,35.6461736270882],[129.09619414209388,35.64682380740605],[129.09686199641888,35.64746013466432],[129.09796399593705,35.648427797144535],[129.0985546515018,35.64891755790719],[129.09876444264438,35.64907984070528],[129.09881732902085,35.64912004919058],[129.09887373314052,35.64914877498783],[129.09928080119184,35.64930946221944],[129.10200758544573,35.650865634906026],[129.10854581148266,35.655616047504324],[129.10874550563844,35.655810594851566],[129.10981219100896,35.65728905307068],[129.10980328021327,35.65735273735576],[129.1089483899098,35.66172315054237],[129.10872870631502,35.662295274665325],[129.10860902434843,35.66250846302241],[129.10803894240885,35.66348748046464],[129.1077620901738,35.663927381657736],[129.10723049337253,35.664521818633446],[129.10618666268948,35.66564330841024],[129.1060847891316,35.66572911929052],[129.10542701455256,35.66618895368428],[129.1051392852899,35.666363093047856],[129.1047645510364,35.66651282955505],[129.1045023382706,35.66669552899072],[129.10440049817157,35.66680828476802],[129.10413909989316,35.66763517010509],[129.1040123353316,35.668192505656876],[129.1038948066869,35.66893842268995],[129.10390392304072,35.66902415124329],[129.10402666244758,35.67000500786654],[129.10411580353127,35.67052540744357],[129.10417910810145,35.67076049695296],[129.1041703272387,35.67093440458197],[129.10413461319348,35.67102220898729],[129.10411202158957,35.671077741354566],[129.10403716202038,35.6711782334975],[129.10335287566113,35.672076498650405],[129.1018389769636,35.67401887162323],[129.10177005084003,35.67406547562086],[129.10167406171024,35.67407779027568],[129.10123615110444,35.674107545424505],[129.10097231434563,35.67422533619926],[129.1007430661049,35.67442024670598],[129.10017853348143,35.67517143077104],[129.10013667719795,35.67528659234813],[129.1000608798951,35.67585366684694],[129.1000550510119,35.67599082553102],[129.10008535926687,35.676238180153504],[129.0983256088723,35.679916814823514],[129.09678604000925,35.68192957446291],[129.09672240099283,35.682045238373085],[129.09661198919957,35.682310572536075],[129.09651308479528,35.682557810824804],[129.09650073414704,35.682598282019],[129.0964725292589,35.68272260828956],[129.0964727291386,35.682893180391474],[129.09655462096617,35.68322554370405],[129.09658664495313,35.68334404414753],[129.09712557217145,35.68512432605884],[129.09755004670603,35.685999909190876],[129.09761039038438,35.686086568230394],[129.09771852676175,35.68635538947334],[129.09775225576638,35.686464033004626],[129.09834504403332,35.68868616853069],[129.0983416047159,35.6887668982762],[129.09561630319286,35.69431531876453],[129.09355033867263,35.696211542639965],[129.09108060090372,35.69802912406102],[129.08943455974196,35.701167527014064],[129.0885657076513,35.70201710859793],[129.09103006964082,35.70257153425341],[129.0942345537725,35.70304185707946],[129.09873293173916,35.70479368158864],[129.10168056454327,35.70622926837038],[129.10879758686735,35.7065066078794],[129.10894749896704,35.706588340669214],[129.11001162486912,35.707055823328716],[129.11208316120488,35.707945280527596],[129.11610904374308,35.708264237993156],[129.11768180170836,35.70674959001949],[129.1204243321089,35.70704447271255],[129.12327579006194,35.70748034568907],[129.12434530980136,35.708147800459],[129.12548859744683,35.71027231565909],[129.12592264375857,35.7120947948339],[129.1266515369327,35.714455400913465],[129.12806719959408,35.71362969469726],[129.1291689495099,35.712866716278434],[129.13073615650808,35.71246723942634],[129.13524492721697,35.711929816342746],[129.1372357309949,35.71295255492685],[129.1362300595908,35.71337074063742],[129.1367649445604,35.71501981688544],[129.13849684794977,35.71684780401804],[129.14003752200426,35.718078641117614],[129.13853440703053,35.72087916007867],[129.14283836176062,35.723931214284],[129.1457201819203,35.72469752196526],[129.1490155244964,35.723351923590954],[129.15193058474986,35.722213201297215],[129.15437178047586,35.721711996250946],[129.15737912978526,35.71879856173374],[129.1586381655843,35.717374791838395],[129.15962294390553,35.71618470415927],[129.16063965091655,35.71487964565827],[129.16562091485062,35.7149617090384],[129.17062326994665,35.71452847055822],[129.17331951732743,35.714394037420995],[129.17685676445345,35.71553114802609],[129.17880139659871,35.717411888430654],[129.18073209105384,35.72006491646816],[129.18158806108448,35.721879527229056],[129.1815171899236,35.72313901257429],[129.18238797989923,35.722923073237716],[129.18440681932577,35.72237172857435],[129.1855096741334,35.72166542021707],[129.18639128841352,35.72056276362564],[129.18978617565168,35.71904267586995],[129.19286561312276,35.71822553468459],[129.1937199507197,35.717998800463974],[129.19764570092747,35.715794319449],[129.20060300202366,35.71579590612063],[129.20091485996664,35.716016046591186]]]]}},{"type":"Feature","properties":{"adm_nm":"울산광역시 울주군 상북면","adm_cd2":"3171038000","sgg":"31710","sido":"31","sidonm":"울산광역시","sggnm":"울주군","adm_cd":"26510380"},"geometry":{"type":"MultiPolygon","coordinates":[[[[129.09269429630143,35.63294424018175],[129.09153985996383,35.63121522844877],[129.0914105149982,35.631015398095634],[129.0911267278917,35.630470376462384],[129.09107138616238,35.63033955344807],[129.09096374410402,35.62963882654749],[129.0909545208001,35.62935384888151],[129.09097029885217,35.62913572983203],[129.09200078710703,35.62420260210015],[129.09270426438954,35.62307922537068],[129.09402053776,35.6214710626419],[129.0957262663048,35.61934600586327],[129.09907122911778,35.61499438195708],[129.10039116858547,35.61206641760149],[129.10048033897777,35.61182255857929],[129.10059873248437,35.61156348811132],[129.10133223042354,35.61014644910006],[129.10165399582434,35.609599303712876],[129.10176809939955,35.60945669310493],[129.10188844755947,35.60935531957838],[129.10613442985405,35.60741297607657],[129.10621676094001,35.607383245536056],[129.10632214919747,35.60735782878906],[129.1080437336571,35.607020669865136],[129.10817923916292,35.606999580767834],[129.10910296044958,35.60685913961507],[129.10921277928148,35.606846008641895],[129.10935449423454,35.606834308645844],[129.10956001995973,35.60684424842302],[129.10985769404516,35.60687870803065],[129.11095620659188,35.60694716156196],[129.11256487042317,35.60697317756021],[129.11300954729245,35.60696843075766],[129.11311225698168,35.60693505093196],[129.1167331416954,35.60546314612284],[129.1168411448926,35.605416729813584],[129.11697036929883,35.60534571683174],[129.12256030893346,35.60147666759717],[129.12260543048845,35.601426477184795],[129.12237834368523,35.59216846998527],[129.12232058173393,35.59059206066734],[129.12221987294487,35.59027043142429],[129.12199729055624,35.589595580010034],[129.1197921771086,35.58654343914457],[129.1190425115131,35.58551649216776],[129.11556282418329,35.58123803078319],[129.11461807881625,35.58015465795341],[129.1145890091734,35.5801022522983],[129.11457487967664,35.58005918837751],[129.1145686317213,35.579993851770254],[129.1145842576107,35.579858809755706],[129.1146008445586,35.57976614441489],[129.11463848418737,35.579651928746685],[129.1146839959829,35.57951399352594],[129.11473818407308,35.57928988273152],[129.11475559673386,35.57916921074817],[129.11478164233233,35.57893651209036],[129.11477099490926,35.57886757057119],[129.11471630094744,35.57873116730929],[129.1145196368383,35.57828968774916],[129.11414369522393,35.577523922180056],[129.11266927625678,35.57476919209225],[129.11247352311838,35.57451724025935],[129.11235310023446,35.57440177176157],[129.11111529745045,35.573236895840445],[129.11087628334155,35.573039159523624],[129.1105736098102,35.572847263486295],[129.1103028123355,35.57268423909116],[129.10988519979796,35.57250834131046],[129.10972596408547,35.572443462897375],[129.10939329359215,35.57230651501037],[129.10920219388856,35.572224316324935],[129.10895440157773,35.57207860050121],[129.10883401530114,35.5719891328445],[129.10867468771877,35.57185345697634],[129.10847903708122,35.57168240859491],[129.10751320963968,35.5708286250483],[129.10733435756546,35.57064383472183],[129.10728294846925,35.57055719503769],[129.10727755298777,35.57048784004452],[129.10728968306904,35.570451217163146],[129.1073295152319,35.57033103763691],[129.10807734196376,35.568155116806025],[129.1082321665165,35.567825577056915],[129.10855153856136,35.56725415320023],[129.10878389054633,35.5668969599713],[129.10885737969812,35.566812630424266],[129.10936505658321,35.566230094509535],[129.10978649204546,35.565825162081225],[129.11054726869096,35.56515912766089],[129.1116534636778,35.56395780559651],[129.1119855780421,35.5634264779841],[129.11205395338746,35.56263211587373],[129.11061714260222,35.561906664574906],[129.11030216528252,35.56174944880432],[129.11007569028007,35.56164850724371],[129.10988113724056,35.56160245314102],[129.10963002551208,35.561599788043715],[129.10929769741375,35.56167377062102],[129.10885934050194,35.56180565021935],[129.1085517353219,35.5618579440775],[129.10820875707367,35.561898696038504],[129.10807907331193,35.56191299557521],[129.10789047566647,35.56190765729],[129.1038754081114,35.561023980316854],[129.10260867904782,35.56049622346717],[129.10245823031923,35.56038220289788],[129.10141436313592,35.559172988589204],[129.10135676657663,35.55906106055697],[129.1008689258591,35.5549175526263],[129.09898227754144,35.55336046863267],[129.09870818151393,35.553128574894984],[129.09858163244928,35.55297394471887],[129.09846886684392,35.55264188208104],[129.09843055790105,35.55247961933874],[129.09838331152153,35.552231142933124],[129.0981230735956,35.54975259742262],[129.0981059057704,35.54915454185138],[129.09812200752629,35.54888632354943],[129.09828600491008,35.54865819453675],[129.09844730252846,35.54838602624179],[129.09841190964917,35.54818498880087],[129.09832626797052,35.54783534469457],[129.09829535956226,35.54771114976184],[129.09821779792767,35.54751588403769],[129.0980963223764,35.54732640231635],[129.09615931615747,35.54496149139804],[129.09514950942543,35.543861826291376],[129.09498397825553,35.54375874969296],[129.09489143788772,35.54370356222469],[129.09343209902553,35.54296911332391],[129.08910320680548,35.541648015608956],[129.08901604379983,35.54162627047279],[129.0869705023394,35.54150707343637],[129.08678200442594,35.541529018016256],[129.0867188870968,35.541557418107836],[129.0866143202323,35.541605911055974],[129.0864442340482,35.541684803556194],[129.0859464393529,35.54189158075054],[129.0850254341573,35.54221785122401],[129.08444935921952,35.542399960831474],[129.0824293746629,35.542950856787435],[129.08200262167412,35.54306015547265],[129.08106005625473,35.54317417341293],[129.0808537458085,35.54319319866609],[129.0804944265402,35.54316437734747],[129.07919946775698,35.54304891396265],[129.07896376220324,35.54301925859831],[129.0649911051452,35.54117699242663],[129.06249537048197,35.54101227523934],[129.0611821199783,35.54086713291271],[129.05808719972094,35.54001332762427],[129.05473330218814,35.53716632266729],[129.057094223314,35.53284602756189],[129.05670118174078,35.53110774647393],[129.05576255701322,35.53213845070759],[129.03833937820858,35.52742083552039],[129.02312345642213,35.52501971871248],[129.02230974446277,35.525352210734866],[129.02198914622713,35.525362331296634],[129.0194838762323,35.5244634369991],[129.0170237346203,35.52375319343197],[129.01293331788784,35.52318415707261],[129.01267185908586,35.523148313638615],[129.0120857748908,35.52312685611982],[129.01186468017303,35.52312256259471],[129.01171727980872,35.523132623676204],[129.01155934681552,35.52314411484838],[129.01144353631787,35.52316993294452],[129.00899397048315,35.52382999348183],[129.00873778861487,35.52397249761696],[129.00878847311822,35.52526593336984],[129.00884330349942,35.526532158260494],[129.00891627504632,35.52671091410914],[129.00929480596903,35.52754917807878],[129.00955463662777,35.527988654399614],[129.00573201909694,35.52804949326145],[129.00198359781655,35.528064725200714],[128.99830940136997,35.52817077421504],[128.99449906539172,35.528989458283654],[128.99441167696247,35.529700482042394],[128.9943972768176,35.5304742398954],[128.99440407768046,35.530813215096835],[128.99448410972428,35.53107758069685],[128.9964888990275,35.53743822800456],[128.99709667143904,35.53802544441502],[128.9980952456437,35.53926985264669],[128.99811633057374,35.53935604873625],[128.99811280177036,35.5394451164995],[128.99795894720648,35.54100454075244],[128.99761869874197,35.542198741776005],[128.99304456944296,35.5479407716301],[128.9929468403203,35.5479835691653],[128.99283424763203,35.547991402364325],[128.99121079404605,35.547752343435576],[128.99093256920193,35.54769733799872],[128.99046409715737,35.54759104469172],[128.99008198585628,35.547498264063066],[128.98826052663844,35.54704003871816],[128.98064160312583,35.54602450383304],[128.9809354007961,35.54661170561411],[128.97900066061578,35.54927306734581],[128.97678510200018,35.55126387193854],[128.97665679726956,35.55136154670384],[128.97644910881957,35.55144856520993],[128.97614292534422,35.551517630295905],[128.97560104801158,35.551608186235555],[128.9751840281709,35.5516665849423],[128.97451749274785,35.55187906256154],[128.97369639614845,35.552187752201604],[128.97364753026324,35.55223198706079],[128.9736379062103,35.55229408995281],[128.97314149499576,35.55543336096429],[128.97201330908806,35.55877392996001],[128.97176509585114,35.559193327127616],[128.9709031054137,35.56063916012274],[128.9712733097158,35.560853207278505],[128.97592333372017,35.563342222904424],[128.97781166466942,35.56396782805421],[128.9841691308025,35.56530282415195],[128.98657583161372,35.56569790921023],[128.98671161579728,35.565727414950956],[128.98680438199943,35.565768154505584],[128.9873613712495,35.56609016835549],[128.98787711424757,35.566490843184745],[128.98821228813824,35.56674108052838],[128.9895188752566,35.56766189186838],[128.98959795969301,35.5676970481441],[128.99375334792387,35.568712240339444],[128.99532824685932,35.56889502900104],[128.9953849395832,35.5689049532161],[128.99545036193126,35.56894992087982],[129.00038322729552,35.57281616376399],[129.00407615308353,35.57594781488742],[129.00624150690314,35.5780367590936],[129.01129018095833,35.58116717479541],[129.0160628451442,35.58300610078079],[129.02018044416465,35.584973824211545],[129.02116072875748,35.588739853796085],[129.02254178170298,35.58996852783345],[129.02267441691484,35.59011436567387],[129.02300238577664,35.590523825111006],[129.02318375163148,35.590773945636045],[129.0232436224027,35.59090907887086],[129.02359233599051,35.59171411159469],[129.02364347753266,35.59211375583389],[129.02366467249433,35.592372531655926],[129.0236646814648,35.592427163787825],[129.02357323811526,35.59268596287087],[129.023560969011,35.59284409784919],[129.02360062946084,35.5930647569599],[129.02365437852544,35.59330986648904],[129.02437959695646,35.59659260096015],[129.02441570480758,35.596719818214844],[129.02507092629105,35.598121404616684],[129.02565831915229,35.59935549381128],[129.0258010280141,35.599785314852916],[129.02602749672357,35.600690274699346],[129.02600993202472,35.60081247785155],[129.02581135625795,35.601906569313094],[129.02575773699238,35.60209849061772],[129.02567855728773,35.6022825287647],[129.02557211266532,35.6023882130711],[129.02530104797555,35.602530591128925],[129.0249138297487,35.60271181346399],[129.02375547214865,35.603277094749096],[129.02358794952661,35.60336686390198],[129.0234915930602,35.60343675889994],[129.02345830127894,35.60354197249562],[129.02317087270686,35.60656105970537],[129.0218649488806,35.613923923382586],[129.02183671094232,35.61400471633768],[129.0213042591704,35.61475205263425],[129.02114972170793,35.6148905600059],[129.02096688855514,35.614999502932704],[129.0208229424544,35.61505794571633],[129.0196190862962,35.61553706915098],[129.01937973622563,35.61562365830688],[129.017982416199,35.616037884143395],[129.01554276132893,35.61650269866815],[129.01540671842884,35.61650848608002],[129.015168226558,35.6164911967107],[129.0149818375902,35.616448660933195],[129.0143678943428,35.61628789088979],[129.01405870512647,35.6161926961973],[129.01391384063484,35.61612635880788],[129.0134968790081,35.61592877478304],[129.01326453975912,35.615812666546375],[129.01294387550232,35.61565761944113],[129.01260290446376,35.61552926891784],[129.01241209395303,35.61551341552464],[129.01223720444824,35.61551920832963],[129.00828880475584,35.615754624424554],[129.00752468925526,35.615887911898994],[129.007468238752,35.61591963078462],[129.00741531125044,35.615959992902866],[129.0071776183195,35.61623218007571],[129.0071352234378,35.61631584611048],[129.00709459284838,35.61641828468772],[129.00705221535657,35.616672177696486],[129.0069444593659,35.61686692012188],[129.00627761172706,35.61790775790099],[129.006224626781,35.6179625838031],[129.0047026569696,35.61920828478243],[129.00415499351112,35.619586255318524],[129.0033462950447,35.6201417657111],[129.00432549028812,35.62067339958065],[129.00635836107162,35.62385653039121],[129.0070736104634,35.62509716012658],[129.007734402281,35.626807266157],[129.0098197720743,35.62854767653021],[129.01103719707552,35.62912209882551],[129.01177007246542,35.62900539525979],[129.01255428339363,35.628880518261084],[129.01360372596244,35.62891704774949],[129.01447285264467,35.629244942165826],[129.01551176942203,35.62974120182202],[129.0175720907825,35.63091421117476],[129.01882955308213,35.63219973555633],[129.0195164462089,35.63317945070476],[129.01993470218562,35.63401046214248],[129.02006723824687,35.63489132599947],[129.02053138883758,35.635352116274504],[129.02097816830363,35.63556088852573],[129.0255211653697,35.63625054665044],[129.02713523882133,35.636349567652374],[129.0275297203656,35.63623479535773],[129.0278590211371,35.63572464298107],[129.02870528978858,35.63514269748271],[129.02966119651148,35.63453187094441],[129.03045706557077,35.63414000686758],[129.0349725147922,35.63200032356123],[129.03575525055427,35.631882372526405],[129.0358890922599,35.63186220485396],[129.03605009092234,35.631837945664685],[129.03647116223524,35.63190291047674],[129.03705308885847,35.6322174809165],[129.03737897866156,35.632446263378995],[129.03747684512868,35.6328230686377],[129.0374742010762,35.63358904458639],[129.0376855469117,35.633940481988965],[129.03809649695287,35.63462379415121],[129.03939696417046,35.63572461962681],[129.0409596902692,35.6374132161041],[129.04392153130271,35.64144556905145],[129.0443706443667,35.642609380109555],[129.04457632200587,35.643750281558056],[129.04460568215373,35.64490318797322],[129.04453689999576,35.645670283324264],[129.0447543344003,35.646405490777674],[129.0451614348775,35.64721858422336],[129.04640187819592,35.649107842390166],[129.04731156623572,35.650146667720406],[129.04787733936885,35.65009211484067],[129.04902875552392,35.64987984278375],[129.05214129906602,35.6488055635438],[129.05596464889305,35.64783469458523],[129.05648232160033,35.64776806180091],[129.05954612029976,35.647561563373614],[129.06378659924226,35.64639545984549],[129.06432839049782,35.64624644023234],[129.07015771404863,35.64342938603898],[129.07068603158572,35.64286148235275],[129.0708859719802,35.64237629520376],[129.07163980291782,35.64139983603334],[129.07413172138828,35.64008515672879],[129.07740518154105,35.6416088995179],[129.0812058572966,35.64343175839386],[129.08140611556792,35.643871500202465],[129.08157515668745,35.644928429840675],[129.0816353378901,35.64542839610841],[129.0810747419879,35.64748068711177],[129.07971028148643,35.64948903783428],[129.07938740896975,35.64978364996592],[129.07897010689075,35.650079896230466],[129.07516719249216,35.65274688780287],[129.07360723876772,35.65450802403461],[129.07014924629487,35.6577470130095],[129.06973039198158,35.657985458655666],[129.06897814358254,35.65811399437939],[129.06841570128842,35.6582778211024],[129.06804999803984,35.65874656480452],[129.0678298699652,35.659366975958264],[129.06760919066494,35.66179876257611],[129.06872563568123,35.66663558839282],[129.06947423655723,35.669108532982946],[129.06756921865764,35.671241647850934],[129.0675863915955,35.671284211078316],[129.0683260353619,35.67311711232751],[129.0687608703499,35.67349502950999],[129.0702768576365,35.674586630944326],[129.0726695823764,35.67670369632983],[129.07319221092592,35.67773527215477],[129.0730263661055,35.67801226834108],[129.07100473569736,35.678841760633404],[129.06978794019827,35.67956047717775],[129.06948549235406,35.680728687571325],[129.0734107399607,35.68552638157138],[129.07402950040023,35.68648489229024],[129.0765840125579,35.690627670228366],[129.07686028229267,35.69219303555096],[129.07742937650704,35.69302497592036],[129.08368963422853,35.69907193326235],[129.08611865038645,35.700725596582856],[129.0885657076513,35.70201710859793],[129.08943455974196,35.701167527014064],[129.09108060090372,35.69802912406102],[129.09355033867263,35.696211542639965],[129.09561630319286,35.69431531876453],[129.0983416047159,35.6887668982762],[129.09834504403332,35.68868616853069],[129.09775225576638,35.686464033004626],[129.09771852676175,35.68635538947334],[129.09761039038438,35.686086568230394],[129.09755004670603,35.685999909190876],[129.09712557217145,35.68512432605884],[129.09658664495313,35.68334404414753],[129.09655462096617,35.68322554370405],[129.0964727291386,35.682893180391474],[129.0964725292589,35.68272260828956],[129.09650073414704,35.682598282019],[129.09651308479528,35.682557810824804],[129.09661198919957,35.682310572536075],[129.09672240099283,35.682045238373085],[129.09678604000925,35.68192957446291],[129.0983256088723,35.679916814823514],[129.10008535926687,35.676238180153504],[129.1000550510119,35.67599082553102],[129.1000608798951,35.67585366684694],[129.10013667719795,35.67528659234813],[129.10017853348143,35.67517143077104],[129.1007430661049,35.67442024670598],[129.10097231434563,35.67422533619926],[129.10123615110444,35.674107545424505],[129.10167406171024,35.67407779027568],[129.10177005084003,35.67406547562086],[129.1018389769636,35.67401887162323],[129.10335287566113,35.672076498650405],[129.10403716202038,35.6711782334975],[129.10411202158957,35.671077741354566],[129.10413461319348,35.67102220898729],[129.1041703272387,35.67093440458197],[129.10417910810145,35.67076049695296],[129.10411580353127,35.67052540744357],[129.10402666244758,35.67000500786654],[129.10390392304072,35.66902415124329],[129.1038948066869,35.66893842268995],[129.1040123353316,35.668192505656876],[129.10413909989316,35.66763517010509],[129.10440049817157,35.66680828476802],[129.1045023382706,35.66669552899072],[129.1047645510364,35.66651282955505],[129.1051392852899,35.666363093047856],[129.10542701455256,35.66618895368428],[129.1060847891316,35.66572911929052],[129.10618666268948,35.66564330841024],[129.10723049337253,35.664521818633446],[129.1077620901738,35.663927381657736],[129.10803894240885,35.66348748046464],[129.10860902434843,35.66250846302241],[129.10872870631502,35.662295274665325],[129.1089483899098,35.66172315054237],[129.10980328021327,35.65735273735576],[129.10981219100896,35.65728905307068],[129.10874550563844,35.655810594851566],[129.10854581148266,35.655616047504324],[129.10200758544573,35.650865634906026],[129.09928080119184,35.64930946221944],[129.09887373314052,35.64914877498783],[129.09881732902085,35.64912004919058],[129.09876444264438,35.64907984070528],[129.0985546515018,35.64891755790719],[129.09796399593705,35.648427797144535],[129.09686199641888,35.64746013466432],[129.09619414209388,35.64682380740605],[129.09558505666888,35.6461736270882],[129.0943276626466,35.644810048258215],[129.09306664138242,35.64335120666779],[129.09001595627186,35.64225282443199],[129.08976391773723,35.64226027834733],[129.08963120867298,35.642258920854225],[129.0894316675389,35.64220818832063],[129.08922490880283,35.64207747177299],[129.08904305591662,35.64193511464157],[129.08885766409344,35.64178986220487],[129.08878543545384,35.641727823943825],[129.08872572305796,35.6416765354097],[129.0886989598643,35.64163003025131],[129.0907433461733,35.63644363695983],[129.09090855142722,35.636046556425576],[129.09103290422698,35.635764393323434],[129.09122429200332,35.63533574352926],[129.091295867226,35.635197152097156],[129.09133052451324,35.63513677081963],[129.09215889289246,35.63371417642321],[129.09269429630143,35.63294424018175]]]]}},{"type":"Feature","properties":{"adm_nm":"울산광역시 울주군 삼남읍","adm_cd2":"3171026500","sgg":"31710","sido":"31","sidonm":"울산광역시","sggnm":"울주군","adm_cd":"26510160"},"geometry":{"type":"MultiPolygon","coordinates":[[[[129.13843581249594,35.54147114029699],[129.13744835455998,35.54061287995119],[129.13738261851216,35.540530084294076],[129.13732942241577,35.540453613015806],[129.13624707219176,35.53878893017015],[129.13622673109305,35.53873921744197],[129.13619085890565,35.53863114580675],[129.13612848949322,35.53825558695815],[129.1360923949788,35.53801572705307],[129.13607075700298,35.53777268864977],[129.13607532947148,35.537623543743024],[129.13607227216033,35.537525695621135],[129.13597712903828,35.5371580533276],[129.13592880699494,35.53710839203133],[129.13585926006442,35.537054804875844],[129.13569030217818,35.53697527483363],[129.13124255154213,35.53554232248164],[129.12866263284155,35.53535095829466],[129.12855462593419,35.53538026590863],[129.12835784692814,35.535395474934774],[129.128144653839,35.53539727032122],[129.12776840244288,35.53538819078037],[129.12670969884994,35.53512178289993],[129.12662184715995,35.5350832063673],[129.12246938599208,35.53221461672494],[129.11954527030616,35.530006950146344],[129.1194397176755,35.52991800934643],[129.11556050343643,35.52515291841019],[129.11476063314404,35.522597438688884],[129.11501447296425,35.522706660874675],[129.11509614818098,35.52270625218583],[129.11517047399866,35.52266680745049],[129.11527324004336,35.52257968467582],[129.1153295200154,35.52252490460162],[129.11543418869763,35.52240887599385],[129.11559302569248,35.522006224262526],[129.1155699051077,35.521844931390895],[129.11197105434516,35.518010351833446],[129.10772580242752,35.51394434524985],[129.1038236423558,35.51063685519351],[129.10368965482363,35.510530410937875],[129.10362794953758,35.510488701577046],[129.1035011195735,35.51046575565119],[129.10283009152639,35.51049801994577],[129.10265748599917,35.510511110655436],[129.10233360899883,35.510656843135244],[129.1020749107739,35.5108442730712],[129.10195359236067,35.5110100049],[129.101871813846,35.51111735163826],[129.10177592630572,35.51120024447664],[129.10162633199545,35.511282438628584],[129.10083762539475,35.511595605105384],[129.10030230127114,35.51167958202938],[129.1000054286897,35.51171828825525],[129.0996948108676,35.511711395231096],[129.09928063804807,35.51162424985015],[129.09906392433925,35.511572590218684],[129.09892818359822,35.511471863484076],[129.09692072976082,35.509775961953515],[129.0968493230595,35.50960651563481],[129.0966706422283,35.50906902208494],[129.09624502771715,35.50773451091897],[129.09604358155127,35.50708842781227],[129.0959850087469,35.506815687711544],[129.09599118231625,35.506572018827065],[129.0962157024641,35.50481589516656],[129.0963352882081,35.504662177114334],[129.09670063778316,35.504314947308856],[129.0973019794275,35.50373179584473],[129.09698529206557,35.502919073036395],[129.09685439693445,35.50259916934178],[129.09469634886685,35.49774471050075],[129.0943458572521,35.497425080234706],[129.09096275975645,35.4981884892551],[129.09078080365367,35.49823677904535],[129.08968719000273,35.49880632831914],[129.0895819882072,35.49886477956266],[129.0894470424388,35.49896248871397],[129.08850267395601,35.49971524302269],[129.08723971693453,35.500834265521746],[129.08667092807883,35.50149024229801],[129.08644103954077,35.50183993948973],[129.07101576255027,35.505731583630464],[129.0616494125008,35.5094574676031],[129.0519958565484,35.515732812390226],[129.05313960976108,35.52535553944107],[129.0565266657925,35.527035637314135],[129.05670118174078,35.53110774647393],[129.057094223314,35.53284602756189],[129.05473330218814,35.53716632266729],[129.05808719972094,35.54001332762427],[129.0611821199783,35.54086713291271],[129.06249537048197,35.54101227523934],[129.0649911051452,35.54117699242663],[129.07896376220324,35.54301925859831],[129.07919946775698,35.54304891396265],[129.0804944265402,35.54316437734747],[129.0808537458085,35.54319319866609],[129.08106005625473,35.54317417341293],[129.08200262167412,35.54306015547265],[129.0824293746629,35.542950856787435],[129.08444935921952,35.542399960831474],[129.0850254341573,35.54221785122401],[129.0859464393529,35.54189158075054],[129.0864442340482,35.541684803556194],[129.0866143202323,35.541605911055974],[129.0867188870968,35.541557418107836],[129.08678200442594,35.541529018016256],[129.0869705023394,35.54150707343637],[129.08901604379983,35.54162627047279],[129.08910320680548,35.541648015608956],[129.09343209902553,35.54296911332391],[129.09489143788772,35.54370356222469],[129.09498397825553,35.54375874969296],[129.09514950942543,35.543861826291376],[129.09615931615747,35.54496149139804],[129.0980963223764,35.54732640231635],[129.09821779792767,35.54751588403769],[129.09829535956226,35.54771114976184],[129.09832626797052,35.54783534469457],[129.09841190964917,35.54818498880087],[129.09844730252846,35.54838602624179],[129.09828600491008,35.54865819453675],[129.09812200752629,35.54888632354943],[129.0981059057704,35.54915454185138],[129.0981230735956,35.54975259742262],[129.09838331152153,35.552231142933124],[129.09843055790105,35.55247961933874],[129.09846886684392,35.55264188208104],[129.09858163244928,35.55297394471887],[129.09870818151393,35.553128574894984],[129.09898227754144,35.55336046863267],[129.1008689258591,35.5549175526263],[129.10135676657663,35.55906106055697],[129.10141436313592,35.559172988589204],[129.10245823031923,35.56038220289788],[129.10260867904782,35.56049622346717],[129.1038754081114,35.561023980316854],[129.10789047566647,35.56190765729],[129.10807907331193,35.56191299557521],[129.10820875707367,35.561898696038504],[129.1085517353219,35.5618579440775],[129.10885934050194,35.56180565021935],[129.10929769741375,35.56167377062102],[129.10963002551208,35.561599788043715],[129.10988113724056,35.56160245314102],[129.11007569028007,35.56164850724371],[129.11030216528252,35.56174944880432],[129.11061714260222,35.561906664574906],[129.11205395338746,35.56263211587373],[129.1119855780421,35.5634264779841],[129.11631545705924,35.56421423312029],[129.11683723512982,35.564307654229665],[129.11720801012845,35.564329547759264],[129.1175947782799,35.56435236505853],[129.11830141321576,35.564229296003084],[129.1186424589517,35.56414409515879],[129.12202372684268,35.56310620251051],[129.12525787591292,35.562011977237056],[129.12737884575427,35.56136969398874],[129.1276420191074,35.561304981737656],[129.12810006013555,35.5611923272677],[129.12944485010564,35.56071363716533],[129.13010013025576,35.5604300395615],[129.13097363580107,35.559974675839804],[129.13381499301042,35.558440423339036],[129.1391281338802,35.55501459656994],[129.14007121700035,35.55389668382119],[129.14096775066446,35.55265045643996],[129.14449399678472,35.54663831981372],[129.1441102958667,35.54655820886816],[129.1436213389075,35.54642840806502],[129.1425036985475,35.54610380712011],[129.14200466781213,35.545916988200574],[129.1418350001736,35.54584384897167],[129.14097631378277,35.5453070845246],[129.14031706350107,35.54473751232904],[129.13802905187364,35.54236093032801],[129.13792891849096,35.5421247576961],[129.1379485169996,35.54192102405241],[129.13800810060067,35.54176614899444],[129.13814744280424,35.541603035567775],[129.13843581249594,35.54147114029699]]]]}},{"type":"Feature","properties":{"adm_nm":"울산광역시 울주군 삼동면","adm_cd2":"3171040000","sgg":"31710","sido":"31","sidonm":"울산광역시","sggnm":"울주군","adm_cd":"26510400"},"geometry":{"type":"MultiPolygon","coordinates":[[[[129.20581401640422,35.54232155050905],[129.20665554111616,35.541290984688374],[129.2067130166832,35.54122348829309],[129.2067794039501,35.54117917573335],[129.20853739850693,35.5406949514131],[129.20861543106776,35.54069914835849],[129.20930092165418,35.54106759179838],[129.20945812406586,35.54116226857691],[129.21034806855863,35.5413861147579],[129.21204895823317,35.541455632879966],[129.21212515250522,35.54142940531278],[129.2121994638405,35.54136550959717],[129.2131036122598,35.53989995718463],[129.2131415534487,35.53983104228712],[129.2131315402,35.53972742367562],[129.2129993203695,35.539358031752165],[129.2129350360387,35.53918711494196],[129.21279857039056,35.53887933786389],[129.21267103219594,35.53859619526148],[129.21256045275896,35.53835577321717],[129.21253001886203,35.53824567227492],[129.21252428653978,35.53808624743291],[129.21254866864948,35.537920951382674],[129.21262235618167,35.537616438149755],[129.2132944143176,35.53557731364971],[129.213340285958,35.53548589913133],[129.21390342788666,35.53486527163992],[129.2140007384933,35.53477957341384],[129.21412197521516,35.53469166518035],[129.21434513165397,35.53458402462738],[129.21458959032668,35.53449082980358],[129.21501706973748,35.534376250574475],[129.21483761155332,35.53424653029187],[129.21414774405633,35.53364188360209],[129.21151566525515,35.52990402848485],[129.2083935463777,35.526002199048165],[129.207835296753,35.525041544272895],[129.20726932230667,35.52366365114711],[129.20692044746832,35.52176956061107],[129.20682463942657,35.52095622097655],[129.20696539149898,35.519661405347534],[129.20705146263234,35.51952003698719],[129.20727908504588,35.51932615701224],[129.20767363669364,35.518848837581],[129.2091889195064,35.516786439675435],[129.21005027772233,35.51441452970302],[129.20774708812382,35.51441992178331],[129.20741536345147,35.51454901629382],[129.20715935917218,35.51458556278644],[129.20529597984745,35.514604610808064],[129.20519965946272,35.51457443702219],[129.20288711053803,35.513316180796586],[129.19990571088135,35.51044157988048],[129.19749719308726,35.50729650072971],[129.19491518900068,35.50539771438953],[129.1938020767543,35.505516174648356],[129.19360482219156,35.50553666526815],[129.1934673917904,35.50553255914727],[129.19334049120067,35.50550826471529],[129.19328052291627,35.50548530869099],[129.19319235995195,35.505440791451235],[129.19309002299113,35.5053818898098],[129.19298672117804,35.50528337535297],[129.19288423923052,35.505153893130675],[129.19281083297474,35.50502795508764],[129.19276210214795,35.50490488196989],[129.19272037738034,35.50476880315993],[129.1926031193918,35.50435412491166],[129.19257282189312,35.504207232174394],[129.1925548195787,35.504043045747515],[129.19258096224178,35.503926306331124],[129.19264227506267,35.503779993285505],[129.19325409076836,35.50285014937978],[129.19338366787764,35.50270376203271],[129.19391885488366,35.50217499483654],[129.19407053406442,35.50211901922254],[129.19424930140167,35.50209034470812],[129.1946069695788,35.50208449527379],[129.19469574603536,35.50208436949247],[129.19482690436357,35.50205575269057],[129.1949566469524,35.50197141885136],[129.19553329539852,35.50157088570797],[129.1956564643057,35.50144238334823],[129.19671103826883,35.49980543935183],[129.19683224672008,35.49941195578717],[129.19865284140593,35.496383161461594],[129.20042605837838,35.49349638568169],[129.20256349085722,35.49012738459139],[129.20259683624738,35.49006135396723],[129.20258742487033,35.49000102680876],[129.20139251591112,35.48686466887665],[129.20134598564687,35.48674855933391],[129.20129174465026,35.48669579979453],[129.20119102785046,35.48659977074464],[129.20092147768887,35.48640462487052],[129.19975365013454,35.48571303321833],[129.19966359906607,35.48565994262508],[129.19956293582132,35.48561236202975],[129.19942414328227,35.4855765624921],[129.1992849496527,35.485559923489916],[129.19913926689748,35.485553904822126],[129.19832005625352,35.48562404385889],[129.19593103894735,35.48635269075555],[129.18824474244232,35.48757935909975],[129.18483768295891,35.48542723900602],[129.18472707380926,35.48529601156812],[129.18470639588907,35.48519021840318],[129.18471575821013,35.48511559401933],[129.18482574242785,35.484976238216646],[129.18553734240425,35.48411431980566],[129.18562705520804,35.48404069315816],[129.18583794182965,35.48395798600814],[129.18650896177627,35.48380999788846],[129.18686001709872,35.48368586436878],[129.1870204867704,35.48358762781254],[129.18713050969077,35.48347276795701],[129.18717104947243,35.483341292413805],[129.18716099777222,35.48311970468207],[129.18687645807347,35.48199643758413],[129.18672539474107,35.48145542906756],[129.18522309971874,35.4771128294604],[129.1845838883691,35.475721927370756],[129.18450283593066,35.47560701033255],[129.18443092389614,35.47556827689888],[129.18439146964894,35.47554703014663],[129.18411965280907,35.475522891023864],[129.1836243621771,35.47554495377359],[129.18273095284732,35.47562214170262],[129.1823328881891,35.4756643756568],[129.182129407764,35.47571883064251],[129.1814013216398,35.475942775198185],[129.18128124788748,35.47631167399077],[129.1812029354998,35.4764407134321],[129.18102420847856,35.47673519888285],[129.18027839388708,35.47783608340078],[129.1797967286052,35.478210033969034],[129.1791696988742,35.47849570256827],[129.1756287724327,35.47940215368321],[129.1751617707706,35.479491595276485],[129.17449903741698,35.47958130048182],[129.17399963322626,35.47962124797692],[129.17365195054964,35.47964904470781],[129.16828354123462,35.47980316619606],[129.16817635646206,35.47978929489882],[129.1641479597866,35.47921160655281],[129.16405647182864,35.4791848645484],[129.1609804361931,35.47774062881759],[129.15909777175537,35.47627526424229],[129.15313159009378,35.47233823072991],[129.15262966050437,35.47204811053912],[129.15233812627952,35.471797074413296],[129.15216736395968,35.47160187941654],[129.1517380558487,35.470792318083795],[129.1516867905455,35.470638693315706],[129.14797461886027,35.46832268825445],[129.14771640364336,35.468298587321385],[129.1475606369653,35.46825092423371],[129.14614975865507,35.467614382871716],[129.14597620774646,35.46750103704046],[129.14342652795438,35.46579536740134],[129.14333206855238,35.46571834766959],[129.14247395502065,35.46480099594438],[129.14067045829225,35.46257814720531],[129.1401263341705,35.461891596412556],[129.14006626285646,35.461794685334816],[129.14005082060402,35.46170917279248],[129.14004552860004,35.46159235289276],[129.14006574791352,35.461486993027364],[129.14009999172202,35.46138158409916],[129.1400946361646,35.461223047473005],[129.13991061920518,35.46017607669285],[129.1398747624216,35.46007494621707],[129.13953826274533,35.45929832372609],[129.13817001810426,35.45815785301103],[129.13791220031422,35.457944331156966],[129.13632484118708,35.456852941198974],[129.1357165684434,35.45644761590672],[129.13461562014396,35.45671719853133],[129.1342215319346,35.45683451235863],[129.13186297775027,35.457566966229955],[129.13101029371708,35.45785321140643],[129.13087527243258,35.45790625167401],[129.12888632262857,35.459172847804965],[129.12876322770543,35.459252317049845],[129.1286215675398,35.4594055802033],[129.1270607603563,35.4611757163614],[129.12530533189368,35.462940132762576],[129.1249760969829,35.46324682025633],[129.12266116575552,35.465269457937914],[129.12163650522007,35.46640102030852],[129.1201244593669,35.46818671701443],[129.11998322218307,35.46836489436673],[129.1198513023655,35.46855450893053],[129.1196682499549,35.46887516019405],[129.11946817599735,35.469249225993565],[129.1191269724419,35.469901952857185],[129.11897660368214,35.47023655875391],[129.11711814353055,35.474665218668775],[129.11710270901733,35.47475297193338],[129.11711062071467,35.47485595691728],[129.11524545466298,35.47666890246066],[129.112189837378,35.4778842114874],[129.1121478802876,35.47790587030786],[129.1120810519175,35.4779466471326],[129.1096340620774,35.47969947127895],[129.109496068162,35.479837965458444],[129.10858834807178,35.48115839481953],[129.107933837748,35.483629553745914],[129.1079339848534,35.483742615819885],[129.10796093190314,35.48382866172354],[129.1080270358724,35.48389779184786],[129.10813237205411,35.48398376656027],[129.10825827864812,35.48404273766267],[129.1084750624508,35.48416067497336],[129.10873941104742,35.48437137333226],[129.10895008559405,35.484553455717396],[129.10904721176112,35.48467149920829],[129.10906794983416,35.48474237964434],[129.10920687138974,35.48522657387563],[129.10929197489378,35.48559269964651],[129.1093191029286,35.48580191949391],[129.10931933758113,35.48596393295064],[129.10931345524241,35.48617318832359],[129.10927458781487,35.48639935238534],[129.10895881251867,35.487739565225],[129.1088868301846,35.487899940778725],[129.1088147269342,35.48797088370028],[129.1087157468658,35.488008091795244],[129.10842081673806,35.488072485209045],[129.10817130137988,35.4881587771281],[129.10798575814255,35.48825174927469],[129.10773014830005,35.48841905137125],[129.1074664102528,35.4886656664143],[129.107007034028,35.4891774125745],[129.1067784456233,35.489484747326046],[129.1066406048089,35.48977006885231],[129.1066016115787,35.48992535891726],[129.1062858331588,35.49136851512486],[129.10622843039198,35.49163689141985],[129.10622240182812,35.49176177926189],[129.1064149580864,35.49375802392865],[129.10665959420376,35.494586401662716],[129.10670525035786,35.49478043093006],[129.10670551105866,35.4949626891823],[129.10666028372546,35.495092671747784],[129.1065613837604,35.495204140783024],[129.1052675808557,35.496465131375146],[129.10427511497377,35.49711083590707],[129.10405692853982,35.49725212958052],[129.10400944464172,35.49728258980415],[129.1025991975008,35.497672746222754],[129.10221323412568,35.497640539994464],[129.10128973672926,35.49727262177339],[129.10045579767632,35.49661986379231],[129.09953190266802,35.49647922079482],[129.09914769556218,35.49660951995441],[129.09826104452907,35.49693160220698],[129.09787746368102,35.4971551260573],[129.0974144412565,35.497485175438605],[129.09713470820338,35.497725793670035],[129.0969598297721,35.49793956595404],[129.09679182045275,35.49814601839346],[129.0948957517017,35.49811623401246],[129.09469634886685,35.49774471050075],[129.09685439693445,35.50259916934178],[129.09698529206557,35.502919073036395],[129.0973019794275,35.50373179584473],[129.09670063778316,35.504314947308856],[129.0963352882081,35.504662177114334],[129.0962157024641,35.50481589516656],[129.09599118231625,35.506572018827065],[129.0959850087469,35.506815687711544],[129.09604358155127,35.50708842781227],[129.09624502771715,35.50773451091897],[129.0966706422283,35.50906902208494],[129.0968493230595,35.50960651563481],[129.09692072976082,35.509775961953515],[129.09892818359822,35.511471863484076],[129.09906392433925,35.511572590218684],[129.09928063804807,35.51162424985015],[129.0996948108676,35.511711395231096],[129.1000054286897,35.51171828825525],[129.10030230127114,35.51167958202938],[129.10083762539475,35.511595605105384],[129.10162633199545,35.511282438628584],[129.10177592630572,35.51120024447664],[129.101871813846,35.51111735163826],[129.10195359236067,35.5110100049],[129.1020749107739,35.5108442730712],[129.10233360899883,35.510656843135244],[129.10265748599917,35.510511110655436],[129.10283009152639,35.51049801994577],[129.1035011195735,35.51046575565119],[129.10362794953758,35.510488701577046],[129.10368965482363,35.510530410937875],[129.1038236423558,35.51063685519351],[129.10772580242752,35.51394434524985],[129.11197105434516,35.518010351833446],[129.1155699051077,35.521844931390895],[129.11559302569248,35.522006224262526],[129.11543418869763,35.52240887599385],[129.1153295200154,35.52252490460162],[129.11527324004336,35.52257968467582],[129.11517047399866,35.52266680745049],[129.11509614818098,35.52270625218583],[129.11501447296425,35.522706660874675],[129.11476063314404,35.522597438688884],[129.11556050343643,35.52515291841019],[129.1194397176755,35.52991800934643],[129.11954527030616,35.530006950146344],[129.12246938599208,35.53221461672494],[129.12662184715995,35.5350832063673],[129.12670969884994,35.53512178289993],[129.12776840244288,35.53538819078037],[129.128144653839,35.53539727032122],[129.12835784692814,35.535395474934774],[129.12855462593419,35.53538026590863],[129.12866263284155,35.53535095829466],[129.13124255154213,35.53554232248164],[129.13569030217818,35.53697527483363],[129.13585926006442,35.537054804875844],[129.13592880699494,35.53710839203133],[129.13597712903828,35.5371580533276],[129.13607227216033,35.537525695621135],[129.13607532947148,35.537623543743024],[129.13607075700298,35.53777268864977],[129.1360923949788,35.53801572705307],[129.13612848949322,35.53825558695815],[129.13619085890565,35.53863114580675],[129.13622673109305,35.53873921744197],[129.13624707219176,35.53878893017015],[129.13732942241577,35.540453613015806],[129.13738261851216,35.540530084294076],[129.13744835455998,35.54061287995119],[129.13843581249594,35.54147114029699],[129.1388116220676,35.54140119174629],[129.13892372017372,35.54139418025462],[129.14063140004455,35.541845024754515],[129.1407295612306,35.541881580746086],[129.1410732740904,35.54209669056937],[129.14126830787202,35.54223631252499],[129.14163444047097,35.542451394960324],[129.14195421858113,35.54259086866774],[129.14220663731163,35.542684570898416],[129.14238609800668,35.542731366684045],[129.14263978526964,35.542751691340975],[129.14285139856017,35.54274572645714],[129.14305457555832,35.542729430911145],[129.14321290213067,35.54271204962944],[129.14341741337222,35.54266022625893],[129.1436260868796,35.54258546737235],[129.14379692059765,35.54249929215684],[129.1439214825548,35.54240973759532],[129.14495709117395,35.54160036839246],[129.1467905003082,35.53948555318141],[129.14687435301133,35.53935477061383],[129.14734665612335,35.53860794957415],[129.14739275431324,35.53852422459741],[129.14742624277474,35.5384485261359],[129.14744151231446,35.53836826418163],[129.15021814605475,35.53760990798279],[129.1509497924219,35.53822760611275],[129.15198523358973,35.5388477979923],[129.15264774123756,35.53909959656971],[129.1531617290971,35.53928983420562],[129.15328033564802,35.53931982939019],[129.15545531975934,35.53986392079621],[129.15554316443465,35.53988246372516],[129.15569245772872,35.53990093445927],[129.15592954807414,35.539916415014495],[129.15671979445614,35.539915401550935],[129.16451494345577,35.53735460242235],[129.16469742153043,35.53727685319646],[129.1669273074076,35.53631934937981],[129.1671269106308,35.536224320668104],[129.1675347308639,35.53601422903563],[129.16804647260932,35.535745055756195],[129.1683357660501,35.53555239073672],[129.1685953653021,35.53541711325449],[129.1688515218234,35.53531342862791],[129.1690252426926,35.53525432348332],[129.16937456533347,35.53520791382649],[129.16962744395838,35.53521760902629],[129.1698803677216,35.53524741009233],[129.17096147928828,35.53539886510612],[129.17146525406332,35.53551405434028],[129.1753495273866,35.536426636913106],[129.17572119827082,35.53652412633487],[129.1763447753395,35.53674865419944],[129.1767586009721,35.53694411216614],[129.17731642783318,35.537232451367416],[129.1777723130444,35.537489092179506],[129.17815636170096,35.53776298764755],[129.17989209773208,35.53967672877255],[129.18009646960064,35.53997538189893],[129.1802709216167,35.54028879057892],[129.1803193009954,35.54049455919246],[129.18036196366174,35.540815525566146],[129.1804464367747,35.54108985594584],[129.18061486572043,35.54138365120729],[129.18145583589583,35.54234301593311],[129.1817800022585,35.54261697343918],[129.18192089710902,35.54269531944373],[129.18491888608833,35.54409154262452],[129.18559170144619,35.54436951532992],[129.18724000391708,35.54492497658847],[129.18746187216215,35.54499654536879],[129.18769420994306,35.54502784165271],[129.1878807158083,35.54501602588862],[129.18913223470935,35.54482138338007],[129.19188486575752,35.544689071633094],[129.19332162041277,35.544696153017355],[129.1934243090762,35.5445917265719],[129.19364986334662,35.54436054926221],[129.1940052818694,35.543979581635604],[129.19424134580768,35.543725374630796],[129.1943666695732,35.54352167691425],[129.19465746908296,35.54298336568004],[129.19466156928868,35.54285751698475],[129.19463145698137,35.54277557610066],[129.19447258299655,35.54256011573993],[129.1939499975012,35.54146295378441],[129.19350426462088,35.54048715972667],[129.19342289934383,35.5403075268826],[129.19340868898587,35.540252904155984],[129.1939117326073,35.53796546105592],[129.19395880605225,35.53778705665478],[129.19400175364154,35.53771435747997],[129.19407015387233,35.537623637785444],[129.19418159863645,35.537506276874396],[129.1942421883983,35.537458716933344],[129.19606816280447,35.53622042007064],[129.19615262766052,35.53622892514967],[129.19676121694076,35.536872223844355],[129.19696244109997,35.53714657223385],[129.19813545708485,35.537663698086774],[129.19998185339017,35.53816000515545],[129.20321525282264,35.53945553302975],[129.20336794310901,35.53952196810975],[129.20445809518014,35.54003614679566],[129.2045309441931,35.54009398697157],[129.2045914393481,35.54017651805843],[129.20462173282473,35.54022719404345],[129.20581401640422,35.54232155050905]]]]}},{"type":"Feature","properties":{"adm_nm":"울산광역시 중구 복산동","adm_cd2":"3111055500","sgg":"31110","sido":"31","sidonm":"울산광역시","sggnm":"중구","adm_cd":"26010681"},"geometry":{"type":"MultiPolygon","coordinates":[[[[129.33125439438277,35.56106094331955],[129.33118682903725,35.56098245037051],[129.33117541164333,35.56073930985663],[129.33119278416936,35.55967016490854],[129.33122467876277,35.558737994622405],[129.3312118898546,35.55864794683013],[129.33117270574627,35.55855977762629],[129.330906664169,35.55806452301316],[129.3308370150599,35.558005260013225],[129.3282421540327,35.558602619563324],[129.3281082925146,35.5594106160047],[129.32652593182092,35.55903083884593],[129.32548854650938,35.55862290514421],[129.32500891191478,35.55842906380933],[129.32415117794247,35.55804425968577],[129.32359046972076,35.5577909867342],[129.3232862495588,35.558439584019695],[129.32283345999073,35.55953207018704],[129.3225107963003,35.5609670260925],[129.32201556579156,35.562580469899345],[129.32122734033877,35.565883050122096],[129.32236031278399,35.56615973342196],[129.3218991832114,35.568027497984694],[129.32259815728594,35.56819321490712],[129.32255475364144,35.57024563928552],[129.32296549298155,35.57091518800428],[129.32381661261292,35.57144585719764],[129.32508869802228,35.571774272901905],[129.32582309604183,35.57165052179938],[129.32612520761012,35.57122971488133],[129.3268854082957,35.57013109998956],[129.3281165945482,35.5694513598841],[129.32889657744244,35.56948849377425],[129.3291549640383,35.569254421992454],[129.33063800236854,35.57016229814049],[129.33151441651543,35.569169619430276],[129.3337522075746,35.57078175285864],[129.33390228535984,35.570695084353936],[129.33399862129687,35.57047065637353],[129.3342801829737,35.56909055661824],[129.33421201845226,35.56802192618082],[129.3340708990588,35.56790809117517],[129.33394642309887,35.567843672254654],[129.33336002284966,35.567529536778906],[129.33313092531725,35.5674043907888],[129.3354273135935,35.56474604656357],[129.33564197923675,35.564505253056026],[129.33590406767604,35.564211279795686],[129.3349990454398,35.56341389727291],[129.33740714250726,35.5605643669944],[129.33728107182816,35.560292067246564],[129.33639927783997,35.56044464433145],[129.33586000543025,35.559188987526674],[129.3351460366287,35.559168945366345],[129.33241012313815,35.56113012360025],[129.3318447181389,35.5605119255285],[129.3314955513831,35.56100609395663],[129.33125439438277,35.56106094331955]]]]}}]}
